file	source	target_taxa	rank	num_genes	link	pfam_names	pfam_accessions	md5	domain	parent	gtdb_release	pfam_version	num_genomes	derep_rank	date_built
Acidobacteriota.hmm	https://doi.org/10.1093/bioinformatics/btz188	acidobacteriota	phylum	97	https://github.com/AstrobioMike/GToTree/releases/download/gtdb-scg-sets-r232/Acidobacteriota.hmm	Adenylsucc_synt,AICARFT_IMPCHas,BacA,BFN_dom,CinA,CoaE,Cu-oxidase_4,DAP_epimerase,DFP,DHBP_synthase,DMRL_synthase,DUF6677,EF_TS,Exonuc_VII_L,Exonuc_VII_S,Ham1p_like,HPPK,HrcA,IPPT,LptE,LptF_LptG,LpxB,LpxC,LpxK,Lum_binding,Methyltransf_5,MraZ,NDK,OSCP,Pept_tRNA_hydro,PGK,RapZ-like_N,RBFA,RecO_C,Ribosomal_L1,Ribosomal_L13,Ribosomal_L14,Ribosomal_L16,Ribosomal_L17,Ribosomal_L18p,Ribosomal_L19,Ribosomal_L20,Ribosomal_L21p,Ribosomal_L22,Ribosomal_L23,ribosomal_L24,Ribosomal_L27,Ribosomal_L28,Ribosomal_L29,Ribosomal_L3,Ribosomal_L31,Ribosomal_L35p,Ribosomal_L4,Ribosomal_L6,Ribosomal_L9_C,Ribosomal_S10,Ribosomal_S11,Ribosomal_S13,Ribosomal_S15,Ribosomal_S17,Ribosomal_S19,Ribosomal_S2,Ribosomal_S20p,Ribosomal_S6,Ribosomal_S7,Ribosomal_S8,Ribosomal_S9,Ribosom_S12_S23,RNase_HII,RNA_pol_L,RRF,RsfS,RuvC,RuvX,SAICAR_synt,SecG,SecY,SHMT,SMC_ScpA,SMC_ScpB,SmpB,TatC,TGT,TIM,Transcrip_reg,tRNA-synt_1d,tRNA_m1G_MT,UPF0102,YajC,YbaB_DNA_bd,YbeY,YceD,YceG,YgbB,YicC-like_N,YmdB,ZapA	PF00709.28,PF01808.25,PF02673.25,PF02577.20,PF02464.24,PF01121.27,PF02578.22,PF01678.25,PF04127.23,PF00926.25,PF00885.25,PF20382.4,PF00889.26,PF02601.21,PF02609.22,PF01725.22,PF01288.26,PF01628.28,PF01715.24,PF04390.18,PF03739.20,PF02684.22,PF03331.20,PF02606.21,PF00677.24,PF01795.26,PF02381.24,PF00334.25,PF00213.24,PF01195.27,PF00162.25,PF03668.22,PF02033.24,PF02565.22,PF00687.27,PF00572.25,PF00238.25,PF00252.25,PF01196.25,PF00861.28,PF01245.27,PF00453.24,PF00829.27,PF00237.25,PF00276.26,PF17136.11,PF01016.25,PF00830.25,PF00831.29,PF00297.29,PF01197.24,PF01632.25,PF00573.28,PF00347.29,PF03948.20,PF00338.28,PF00411.25,PF00416.28,PF00312.28,PF00366.27,PF00203.27,PF00318.26,PF01649.24,PF01250.23,PF00177.28,PF00410.25,PF00380.26,PF00164.32,PF01351.26,PF01193.30,PF01765.25,PF02410.23,PF02075.24,PF03652.21,PF01259.25,PF03840.21,PF00344.26,PF00464.26,PF02616.20,PF04079.23,PF01668.24,PF00902.24,PF01702.26,PF00121.25,PF01709.27,PF00750.26,PF01746.27,PF02021.24,PF02699.22,PF02575.23,PF02130.25,PF02620.23,PF02618.22,PF02542.22,PF03755.19,PF13277.12,PF05164.19	3e08b652b70774b43afbcfbf74d9d747	Bacteria	Bacteria	r232	38.2	985	genus	2026-08-11
Actinomycetota.hmm	https://doi.org/10.1093/bioinformatics/btz188	actinomycetota	phylum	92	https://github.com/AstrobioMike/GToTree/releases/download/gtdb-scg-sets-r232/Actinomycetota.hmm	ACT_5,Adenylsucc_synt,AICARFT_IMPCHas,ATP-synt,ATP-synt_A,ATP-synt_DE_N,Chorismate_synt,CoaE,CTP_transf_1,Cytidylate_kin,DapB_C,DAP_epimerase,DFP,EF_TS,eIF-1a,GatB_N,GatC,GcpE,GidB,Ham1p_like,HPPK,HrcA,IGPD,IPPT,Methyltransf_5,MraZ,NDK,NusG,OSCP,PDT,Pept_tRNA_hydro,PGK,RapZ-like_N,RBFA,RecA_N,RecO_C,Ribosomal_L1,Ribosomal_L13,Ribosomal_L14,Ribosomal_L16,Ribosomal_L17,Ribosomal_L18p,Ribosomal_L19,Ribosomal_L20,Ribosomal_L21p,Ribosomal_L23,ribosomal_L24,Ribosomal_L27,Ribosomal_L29,Ribosomal_L3,Ribosomal_L35p,Ribosomal_L4,Ribosomal_L6,Ribosomal_L9_C,Ribosomal_S10,Ribosomal_S11,Ribosomal_S13,Ribosomal_S15,Ribosomal_S17,Ribosomal_S19,Ribosomal_S2,Ribosomal_S20p,Ribosomal_S6,Ribosomal_S7,Ribosomal_S8,Ribosomal_S9,Ribosom_S12_S23,Ribul_P_3_epim,RNase_HII,RNA_pol_L,RNA_pol_Rpb6,RRF,RsfS,RuvC,RuvX,SAICAR_synt,SecE,SecG,SecY,SMC_ScpA,SMC_ScpB,SmpB,TatC,Topoisom_bac,Transcrip_reg,tRNA-synt_1d,tRNA_m1G_MT,TsaE,YbeY,YceD,YceG,YgbB	PF13710.13,PF00709.28,PF01808.25,PF00231.25,PF00119.26,PF02823.23,PF01264.27,PF01121.27,PF01148.26,PF02224.25,PF05173.20,PF01678.25,PF04127.23,PF00889.26,PF01176.27,PF02934.21,PF02686.21,PF04551.20,PF02527.22,PF01725.22,PF01288.26,PF01628.28,PF00475.25,PF01715.24,PF01795.26,PF02381.24,PF00334.25,PF02357.25,PF00213.24,PF00800.24,PF01195.27,PF00162.25,PF03668.22,PF02033.24,PF00154.28,PF02565.22,PF00687.27,PF00572.25,PF00238.25,PF00252.25,PF01196.25,PF00861.28,PF01245.27,PF00453.24,PF00829.27,PF00276.26,PF17136.11,PF01016.25,PF00831.29,PF00297.29,PF01632.25,PF00573.28,PF00347.29,PF03948.20,PF00338.28,PF00411.25,PF00416.28,PF00312.28,PF00366.27,PF00203.27,PF00318.26,PF01649.24,PF01250.23,PF00177.28,PF00410.25,PF00380.26,PF00164.32,PF00834.26,PF01351.26,PF01193.30,PF01192.28,PF01765.25,PF02410.23,PF02075.24,PF03652.21,PF01259.25,PF00584.26,PF03840.21,PF00344.26,PF02616.20,PF04079.23,PF01668.24,PF00902.24,PF01131.26,PF01709.27,PF00750.26,PF01746.27,PF02367.24,PF02130.25,PF02620.23,PF02618.22,PF02542.22	69981c9b2536ac43cc78279ad38b4160	Bacteria	Bacteria	r232	38.2	1993	genus	2026-08-11
Alphaproteobacteria.hmm	https://doi.org/10.1093/bioinformatics/btz188	alphaproteobacteria	class	106	https://github.com/AstrobioMike/GToTree/releases/download/gtdb-scg-sets-r232/Alphaproteobacteria.hmm	Bax1-I,CarD_C,CCB3_YggT,CoaE,Colicin_V,Cu-oxidase_4,Cytidylate_kin,DAP_epimerase,DciA,DNA_pol3_chi,DUF2155,dUTPase,EF_TS,eIF-1a,Exonuc_VII_L,Exonuc_VII_S,FA_synthesis,G3P_acyltransf,GatB_N,GatC,GidB,GrpE,IPPT,LGT,LolA,Methyltransf_28,Methyltransf_5,Methyltrans_RNA,MnmE_helical,NDK,NDUFA12,OSCP,Peptidase_A8,Pept_tRNA_hydro,PGK,Prenyltransf,RBFA,RecO_C,Ribonuclease_P,Ribosomal_L1,Ribosomal_L13,Ribosomal_L14,Ribosomal_L16,Ribosomal_L17,Ribosomal_L18p,Ribosomal_L19,Ribosomal_L20,Ribosomal_L21p,Ribosomal_L22,Ribosomal_L23,ribosomal_L24,Ribosomal_L27,Ribosomal_L28,Ribosomal_L29,Ribosomal_L3,Ribosomal_L31,Ribosomal_L32p,Ribosomal_L33,Ribosomal_L35p,Ribosomal_L4,Ribosomal_L6,Ribosomal_L9_C,Ribosomal_S10,Ribosomal_S11,Ribosomal_S13,Ribosomal_S14,Ribosomal_S15,Ribosomal_S17,Ribosomal_S19,Ribosomal_S2,Ribosomal_S20p,Ribosomal_S6,Ribosomal_S7,Ribosomal_S8,Ribosomal_S9,Ribosom_S12_S23,RNase_HII,RNA_pol_L,RNA_pol_Rpb6,RRF,RsfS,RuvC,RuvX,Sdh5,SecB,SecE,SecG,SecY,SmpB,SspB,TatC,TGT,Thymidylate_kin,TIM,Topoisom_bac,Transcrip_reg,TrcR,tRNA-synt_1d,tRNA_m1G_MT,TsaE,UPF0102,YajC,YbaB_DNA_bd,YbeY,YceG,ZapA	PF01027.27,PF21095.4,PF02325.24,PF01121.27,PF02674.23,PF02578.22,PF02224.25,PF01678.25,PF05258.18,PF04364.19,PF09923.15,PF00692.25,PF00889.26,PF01176.27,PF02601.21,PF02609.22,PF02504.21,PF02660.22,PF02934.21,PF02686.21,PF02527.22,PF01025.25,PF01715.24,PF01790.24,PF03548.23,PF02636.24,PF01795.26,PF04452.20,PF12631.13,PF00334.25,PF05071.22,PF00213.24,PF01252.24,PF01195.27,PF00162.25,PF01255.25,PF02033.24,PF02565.22,PF00825.25,PF00687.27,PF00572.25,PF00238.25,PF00252.25,PF01196.25,PF00861.28,PF01245.27,PF00453.24,PF00829.27,PF00237.25,PF00276.26,PF17136.11,PF01016.25,PF00830.25,PF00831.29,PF00297.29,PF01197.24,PF01783.30,PF00471.27,PF01632.25,PF00573.28,PF00347.29,PF03948.20,PF00338.28,PF00411.25,PF00416.28,PF00253.28,PF00312.28,PF00366.27,PF00203.27,PF00318.26,PF01649.24,PF01250.23,PF00177.28,PF00410.25,PF00380.26,PF00164.32,PF01351.26,PF01193.30,PF01192.28,PF01765.25,PF02410.23,PF02075.24,PF03652.21,PF03937.22,PF02556.20,PF00584.26,PF03840.21,PF00344.26,PF01668.24,PF04386.19,PF00902.24,PF01702.26,PF02223.24,PF00121.25,PF01131.26,PF01709.27,PF06242.17,PF00750.26,PF01746.27,PF02367.24,PF02021.24,PF02699.22,PF02575.23,PF02130.25,PF02618.22,PF05164.19	d3a1003ac20fe064e9e894fb3017f1d5	Bacteria	Pseudomonadota	r232	38.2	2343	genus	2026-08-11
Aquificota.hmm	https://doi.org/10.1093/bioinformatics/btz188	aquificota	phylum	194	https://github.com/AstrobioMike/GToTree/releases/download/gtdb-scg-sets-r232/Aquificota.hmm	2_5_RNA_ligase2,4HBT_2,5-FTHF_cyc-lig,ACCA,ACT_5,Adenylsucc_synt,ADK,AdoHcyase,AdoMet_Synthase,AICARFT_IMPCHas,AIRC,AKAP7_NLS,Amidase,Amidase_3,Arginosuc_syn_C,ArgJ,Asp_decarbox,Asp_Glu_race,ATPase_gene1,BacA,BioW,BpsA_C,Carb_kinase,Chorismate_synt,CinA,CoaE,Cpn10,Cpn60_TCP1,CRCB,CTP_transf_1,Cu-oxidase_4,DAHP_synth_1,DapB_C,DAP_epimerase,DFP,DHBP_synthase,DHDPS,DHO_dh,DMRL_synthase,DUF2905,DUF465,DUF507,EF_TS,eIF-1a,Endonuclease_5,Enolase_C,FabA,FA_synthesis,Ferrochelatase,Fumerase,G3P_acyltransf,GatB_N,GatC,GCD14,GcpE,GidB,Gln-synt_C,GTP_cyclohydroI,Ham1p_like,HisG,Histidinol_dh,HPPK,IF-2B,IGPD,IGPS,ILVD_EDD_N,IPPT,KH_KhpA-B,LacAB_rpiB,LGT,LigT_PEase,LolA,LpxB,LpxC,LpxK,Lum_binding,LYTB,MerR_2,Methyltransf_5,Methyltrn_RNA_4,Meth_synt_2,MinE,MnmE_helical,MoaC,MoaE,MobB,MTHFR,NadA,NDK,OMPdecase,Pantoate_ligase,Pantoate_transf,Pan_kinase,PBP_like_2,PDT,PdxA,PdxJ,Peptidase_A8,Peptidase_M17,Peptidase_S26,Pept_tRNA_hydro,PGK,PgpA,PhoH,PhoU,Porphobil_deam,PRAI,Prenyltransf,Proteasome,PurS,Pyrophosphatase,QueH,Queuosine_synth,RadC,Ribosomal_L1,Ribosomal_L13,Ribosomal_L14,Ribosomal_L16,Ribosomal_L17,Ribosomal_L18p,Ribosomal_L19,Ribosomal_L20,Ribosomal_L21p,Ribosomal_L22,Ribosomal_L23,ribosomal_L24,Ribosomal_L27,Ribosomal_L28,Ribosomal_L29,Ribosomal_L3,Ribosomal_L31,Ribosomal_L32p,Ribosomal_L35p,Ribosomal_L4,Ribosomal_L6,Ribosomal_L9_C,Ribosomal_S10,Ribosomal_S11,Ribosomal_S13,Ribosomal_S14,Ribosomal_S15,Ribosomal_S17,Ribosomal_S19,Ribosomal_S2,Ribosomal_S20p,Ribosomal_S21,Ribosomal_S30AE,Ribosomal_S6,Ribosomal_S7,Ribosomal_S8,Ribosomal_S9,Ribosom_S12_S23,Ribul_P_3_epim,RNA_pol_L,RNA_pol_Rpb6,RRF,RsfS,RuvX,SAICAR_synt,SAM_HAT_N,SBP_bac_5,SDH_protease,SecY,Se_S_carrier,SfsA,SHMT,SMC_ScpA,SmpB,SSB,SurE,TAL_FSA,TatC,TatD_DNase,TGT,ThiC_Rad_SAM,TIM,Transcrip_reg,Trm112p,tRNA-synt_1c,tRNA-synt_1d,tRNA-synt_2c,tRNA-synt_2e,tRNA_m1G_MT,tRNA_synt_2f,Trp_syntA,TsaE,Tyr_Deacylase,UDG,UPF0102,YceD,YceG,YgbB,YicC-like_N,YmdB	PF13563.13,PF13279.13,PF01812.28,PF03255.20,PF13710.13,PF00709.28,PF00406.30,PF05221.24,PF01941.25,PF01808.25,PF00731.27,PF10469.16,PF01425.27,PF01520.24,PF20979.3,PF01960.24,PF02261.23,PF01177.28,PF09527.16,PF02673.25,PF03744.19,PF01861.23,PF01256.23,PF01264.27,PF02464.24,PF01121.27,PF00166.27,PF00118.30,PF02537.22,PF01148.26,PF02578.22,PF00793.27,PF05173.20,PF01678.25,PF04127.23,PF00926.25,PF00701.29,PF01180.28,PF00885.25,PF11146.14,PF04325.19,PF04368.19,PF00889.26,PF01176.27,PF04493.21,PF00113.29,PF07977.20,PF02504.21,PF00762.25,PF05681.20,PF02660.22,PF02934.21,PF02686.21,PF08704.17,PF04551.20,PF02527.22,PF00120.30,PF01227.28,PF01725.22,PF01634.24,PF00815.26,PF01288.26,PF01008.24,PF00475.25,PF00218.29,PF00920.28,PF01715.24,PF13083.14,PF02502.24,PF01790.24,PF02834.23,PF03548.23,PF02684.22,PF03331.20,PF02606.21,PF00677.24,PF02401.24,PF13591.13,PF01795.26,PF09936.15,PF01717.25,PF03776.21,PF12631.13,PF01967.28,PF02391.23,PF03205.21,PF02219.24,PF02445.22,PF00334.25,PF00215.31,PF02569.22,PF02548.22,PF03309.21,PF12849.13,PF00800.24,PF04166.18,PF03740.21,PF01252.24,PF00883.27,PF10502.15,PF01195.27,PF00162.25,PF04608.19,PF02562.23,PF01895.25,PF01379.26,PF00697.29,PF01255.25,PF00227.32,PF02700.21,PF00719.25,PF02677.21,PF02547.21,PF04002.21,PF00687.27,PF00572.25,PF00238.25,PF00252.25,PF01196.25,PF00861.28,PF01245.27,PF00453.24,PF00829.27,PF00237.25,PF00276.26,PF17136.11,PF01016.25,PF00830.25,PF00831.29,PF00297.29,PF01197.24,PF01783.30,PF01632.25,PF00573.28,PF00347.29,PF03948.20,PF00338.28,PF00411.25,PF00416.28,PF00253.28,PF00312.28,PF00366.27,PF00203.27,PF00318.26,PF01649.24,PF01165.26,PF02482.26,PF01250.23,PF00177.28,PF00410.25,PF00380.26,PF00164.32,PF00834.26,PF01193.30,PF01192.28,PF01765.25,PF02410.23,PF03652.21,PF01259.25,PF01887.22,PF00496.28,PF01972.22,PF00344.26,PF11823.14,PF03749.20,PF00464.26,PF02616.20,PF01668.24,PF00436.32,PF01975.24,PF00923.26,PF00902.24,PF01026.28,PF01702.26,PF01964.25,PF00121.25,PF01709.27,PF03966.23,PF00749.28,PF00750.26,PF01411.25,PF02091.21,PF01746.27,PF02092.23,PF00290.27,PF02367.24,PF02580.23,PF03167.26,PF02021.24,PF02620.23,PF02618.22,PF02542.22,PF03755.19,PF13277.12	5de88eafb0348440c8fc1c7b13f2fbe2	Bacteria	Bacteria	r232	38.2	114	species	2026-08-11
Archaea.hmm	https://doi.org/10.1093/bioinformatics/btz188	archaea	domain	51	https://github.com/AstrobioMike/GToTree/releases/download/gtdb-scg-sets-r232/Archaea.hmm	Archease,DUF655,eIF-1a,PIN_9,PTH2,Ribosomal_L1,Ribosomal_L13,Ribosomal_L14,Ribosomal_L15e,Ribosomal_L16,Ribosomal_L21e,Ribosomal_L22,Ribosomal_L23,Ribosomal_L26,Ribosomal_L29,Ribosomal_L3,Ribosomal_L31e,Ribosomal_L32e,Ribosomal_L37ae,Ribosomal_L4,Ribosomal_L44,Ribosomal_L5e,Ribosomal_L6,Ribosomal_S10,Ribosomal_S11,Ribosomal_S13,Ribosomal_S14,Ribosomal_S15,Ribosomal_S17,Ribosomal_S19,Ribosomal_S19e,Ribosomal_S2,Ribosomal_S24e,Ribosomal_S27e,Ribosomal_S28e,Ribosomal_S3Ae,Ribosomal_S7,Ribosomal_S8,Ribosomal_S8e,Ribosomal_S9,Ribosom_S12_S23,RNA_pol_N,RNA_pol_Rpb4,RNA_pol_Rpb6,RtcB,SecY,Spt4,tRNA-synt_1c,tRNA-synt_1d,tRNA-synt_His,UPF0147	PF01951.22,PF04919.19,PF01176.27,PF18477.8,PF01981.22,PF00687.27,PF00572.25,PF00238.25,PF00827.23,PF00252.25,PF01157.25,PF00237.25,PF00276.26,PF16906.12,PF00831.29,PF00297.29,PF01198.25,PF01655.24,PF01780.26,PF00573.28,PF00935.26,PF17144.10,PF00347.29,PF00338.28,PF00411.25,PF00416.28,PF00253.28,PF00312.28,PF00366.27,PF00203.27,PF01090.26,PF00318.26,PF01282.26,PF01667.24,PF01200.25,PF01015.24,PF00177.28,PF00410.25,PF01201.28,PF00380.26,PF00164.32,PF01194.23,PF03874.22,PF01192.28,PF01139.23,PF00344.26,PF06093.20,PF00749.28,PF00750.26,PF13393.12,PF03685.20	52bf80fb83508770f5a487d957fdf714	Archaea	NA	r232	38.2	492	family	2026-08-11
Armatimonadota.hmm	https://doi.org/10.1093/bioinformatics/btz188	armatimonadota	phylum	119	https://github.com/AstrobioMike/GToTree/releases/download/gtdb-scg-sets-r232/Armatimonadota.hmm	AdoHcyase,AICARFT_IMPCHas,Asp_decarbox,ATP-synt,ATP-synt_A,ATP-synt_C,BacA,Chorismate_synt,CinA,CoaE,CT398_CC,CTP_transf_1,Cytidylate_kin,DAGK_prokar,DciA,DFP,DHquinase_II,DMRL_synthase,DUF1844,DUF5693,DUF8754,EF_TS,eIF-1a,Enolase_C,FabA,FA_synthesis,G3P_acyltransf,GatB_N,GatC,GcpE,GidB,Ham1p_like,HrcA,IGPD,IGPS,IPPT,LpxB,LpxC,LpxK,Lum_binding,Maf,MerR_2,Methyltransf_5,MlaE,NadA,NusG,OSCP,Pantoate_ligase,Pan_kinase,Peptidase_A8,Pept_tRNA_hydro,PGK,Prenyltransf,PurS,Queuosine_synth,RecO_C,Ribosomal_L1,Ribosomal_L13,Ribosomal_L14,Ribosomal_L16,Ribosomal_L17,Ribosomal_L18p,Ribosomal_L19,Ribosomal_L20,Ribosomal_L21p,Ribosomal_L22,Ribosomal_L23,ribosomal_L24,Ribosomal_L27,Ribosomal_L28,Ribosomal_L29,Ribosomal_L3,Ribosomal_L31,Ribosomal_L4,Ribosomal_L6,Ribosomal_L9_C,Ribosomal_S10,Ribosomal_S11,Ribosomal_S13,Ribosomal_S15,Ribosomal_S17,Ribosomal_S19,Ribosomal_S2,Ribosomal_S20p,Ribosomal_S6,Ribosomal_S7,Ribosomal_S8,Ribosomal_S9,Ribosom_S12_S23,RNA_pol_L,RNA_pol_Rpb6,RRF,RsfS,RuvC,SAICAR_synt,SecE,SecY,SHMT,SMC_ScpA,SMC_ScpB,SmpB,SOR_SNZ,SurE,TatC,TIM,Topoisom_bac,Transcrip_reg,tRNA-synt_2c,tRNA-synt_His,tRNA_m1G_MT,Trp_syntA,TsaE,Tyr_Deacylase,UPF0102,YbaB_DNA_bd,YbeY,YceD,YceG,YgbB	PF05221.24,PF01808.25,PF02261.23,PF00231.25,PF00119.26,PF00137.27,PF02673.25,PF01264.27,PF02464.24,PF01121.27,PF24481.3,PF01148.26,PF02224.25,PF01219.25,PF05258.18,PF04127.23,PF01220.26,PF00885.25,PF08899.17,PF18949.6,PF30885.1,PF00889.26,PF01176.27,PF00113.29,PF07977.20,PF02504.21,PF02660.22,PF02934.21,PF02686.21,PF04551.20,PF02527.22,PF01725.22,PF01628.28,PF00475.25,PF00218.29,PF01715.24,PF02684.22,PF03331.20,PF02606.21,PF00677.24,PF02545.20,PF13591.13,PF01795.26,PF02405.22,PF02445.22,PF02357.25,PF00213.24,PF02569.22,PF03309.21,PF01252.24,PF01195.27,PF00162.25,PF01255.25,PF02700.21,PF02547.21,PF02565.22,PF00687.27,PF00572.25,PF00238.25,PF00252.25,PF01196.25,PF00861.28,PF01245.27,PF00453.24,PF00829.27,PF00237.25,PF00276.26,PF17136.11,PF01016.25,PF00830.25,PF00831.29,PF00297.29,PF01197.24,PF00573.28,PF00347.29,PF03948.20,PF00338.28,PF00411.25,PF00416.28,PF00312.28,PF00366.27,PF00203.27,PF00318.26,PF01649.24,PF01250.23,PF00177.28,PF00410.25,PF00380.26,PF00164.32,PF01193.30,PF01192.28,PF01765.25,PF02410.23,PF02075.24,PF01259.25,PF00584.26,PF00344.26,PF00464.26,PF02616.20,PF04079.23,PF01668.24,PF01680.24,PF01975.24,PF00902.24,PF00121.25,PF01131.26,PF01709.27,PF01411.25,PF13393.12,PF01746.27,PF00290.27,PF02367.24,PF02580.23,PF02021.24,PF02575.23,PF02130.25,PF02620.23,PF02618.22,PF02542.22	6f84584bd389197d0f1ddac6b5d6a89f	Bacteria	Bacteria	r232	38.2	201	genus	2026-08-11
Asgardarchaeota.hmm	https://doi.org/10.1093/bioinformatics/btz188	asgardarchaeota	phylum	87	https://github.com/AstrobioMike/GToTree/releases/download/gtdb-scg-sets-r232/Asgardarchaeota.hmm	acVLRF1,AMMECR1,Archease,Carb_kinase,CGI-121,CitG,CTP-dep_RFKase,Cytidylate_kin2,DFP,DUF2095,DUF211,DUF359,DUF371,DUF424,DUF655,eIF-6,EMG1,Endo_dU,Enolase_C,ESCRT-II,Ham1p_like,HMG-CoA_red,jr-ZPR1,Memo,MobB,NFACT_N,PF1765-like,PIN_9,PPS_PS,Prefoldin_2,Prenyltransf,PTH2,PyrI,Ribonucleas_3_2,Ribosomal_L1,Ribosomal_L13,Ribosomal_L14,Ribosomal_L15e,Ribosomal_L16,Ribosomal_L18,Ribosomal_L18A,Ribosomal_L21e,Ribosomal_L22,Ribosomal_L23,Ribosomal_L26,Ribosomal_L29,Ribosomal_L3,Ribosomal_L31e,Ribosomal_L32e,Ribosomal_L34e,Ribosomal_L37ae,Ribosomal_L4,Ribosomal_L44,Ribosomal_L5e,Ribosomal_L6,Ribosomal_S10,Ribosomal_S13,Ribosomal_S15,Ribosomal_S17,Ribosomal_S17e,Ribosomal_S19,Ribosomal_S19e,Ribosomal_S2,Ribosomal_S24e,Ribosomal_S27e,Ribosomal_S28e,Ribosomal_S3Ae,Ribosomal_S7,Ribosomal_S8,Ribosomal_S8e,Ribosomal_S9,Ribosom_S12_S23,Rib_5-P_isom_A,RNase_P_p30,RNase_P_Rpp14,RNA_pol_Rpb4,RTC,SecY,Spt4,STT3,TIM,Translin,TRM,tRNA-synt_1d,tRNA_deacylase,TruD,UPF0147	PF18859.7,PF01871.23,PF01951.22,PF01256.23,PF08617.16,PF01874.23,PF01982.23,PF13189.13,PF04127.23,PF09868.15,PF02680.21,PF04019.18,PF04027.19,PF04242.19,PF04919.19,PF01912.25,PF03587.20,PF01949.24,PF00113.29,PF05871.19,PF01725.22,PF00368.24,PF22794.2,PF01875.24,PF03205.21,PF05833.17,PF02594.22,PF18477.8,PF02006.24,PF01920.26,PF01255.25,PF01981.22,PF01948.24,PF11469.14,PF00687.27,PF00572.25,PF00238.25,PF00827.23,PF00252.25,PF17135.10,PF01775.23,PF01157.25,PF00237.25,PF00276.26,PF16906.12,PF00831.29,PF00297.29,PF01198.25,PF01655.24,PF01199.24,PF01780.26,PF00573.28,PF00935.26,PF17144.10,PF00347.29,PF00338.28,PF00416.28,PF00312.28,PF00366.27,PF00833.24,PF00203.27,PF01090.26,PF00318.26,PF01282.26,PF01667.24,PF01200.25,PF01015.24,PF00177.28,PF00410.25,PF01201.28,PF00380.26,PF00164.32,PF06026.21,PF01876.24,PF01900.25,PF03874.22,PF01137.27,PF00344.26,PF06093.20,PF02516.21,PF00121.25,PF01997.22,PF02005.23,PF00750.26,PF04414.19,PF01142.24,PF03685.20	95dde0ad819bbb02aa320217237618b4	Archaea	Archaea	r232	38.2	90	species	2026-08-11
Babelota.hmm	https://doi.org/10.1093/bioinformatics/btz188	babelota	phylum	108	https://github.com/AstrobioMike/GToTree/releases/download/gtdb-scg-sets-r232/Babelota.hmm	ATP-synt,ATP-synt_A,CarD_C,Cpn10,Cpn60_TCP1,CTP_transf_1,Cytidylate_kin,DciA,DivIC,DnaJ_C,DNA_processg_A,EF_TS,eIF-1a,EPSP_synthase,ExbD,GatB_N,GatC,GidB,GrpE,H_PPase,IPPT,LGT,Maf,MerR_2,Methyltransf_5,Methyltrans_RNA,Methyltrn_RNA_4,MJ0711_N,MlaE,MnmE_helical,MurJ,NifU_N,NurA,NusG,OmpH,OSCP,Peptidase_A8,Peptidase_M17,Pept_tRNA_hydro,PF1765-like,PhoH,PNPOx_N,Prenyltransf,RBFA,RecA_N,Ribonuclease_P,Ribosomal_L1,Ribosomal_L13,Ribosomal_L14,Ribosomal_L16,Ribosomal_L17,Ribosomal_L18p,Ribosomal_L19,Ribosomal_L20,Ribosomal_L21p,Ribosomal_L22,Ribosomal_L23,ribosomal_L24,Ribosomal_L27,Ribosomal_L28,Ribosomal_L29,Ribosomal_L3,Ribosomal_L31,Ribosomal_L32p,Ribosomal_L34,Ribosomal_L35p,Ribosomal_L4,Ribosomal_L6,Ribosomal_L9_C,Ribosomal_S10,Ribosomal_S11,Ribosomal_S13,Ribosomal_S15,Ribosomal_S17,Ribosomal_S19,Ribosomal_S2,Ribosomal_S20p,Ribosomal_S21,Ribosomal_S30AE,Ribosomal_S6,Ribosomal_S7,Ribosomal_S8,Ribosomal_S9,Ribosom_S12_S23,RNA_pol_L,RRF,RuvC,RuvX,SecG,SecY,SHMT,SmpB,SSB,T2SSG,TatD_DNase,TGT,Topoisom_bac,Transcrip_reg,tRNA-synt_1d,tRNA-synt_His,tRNA_m1G_MT,TsaE,Vut_1,YbeY,YdjM,YicC-like_N,YmdB,ZapA	PF00231.25,PF00119.26,PF21095.4,PF00166.27,PF00118.30,PF01148.26,PF02224.25,PF05258.18,PF04977.21,PF01556.24,PF02481.22,PF00889.26,PF01176.27,PF00275.26,PF02472.22,PF02934.21,PF02686.21,PF02527.22,PF01025.25,PF03030.22,PF01715.24,PF01790.24,PF02545.20,PF13591.13,PF01795.26,PF04452.20,PF09936.15,PF27233.1,PF02405.22,PF12631.13,PF03023.20,PF01592.22,PF09376.17,PF02357.25,PF03938.20,PF00213.24,PF01252.24,PF00883.27,PF01195.27,PF02594.22,PF02562.23,PF01243.28,PF01255.25,PF02033.24,PF00154.28,PF00825.25,PF00687.27,PF00572.25,PF00238.25,PF00252.25,PF01196.25,PF00861.28,PF01245.27,PF00453.24,PF00829.27,PF00237.25,PF00276.26,PF17136.11,PF01016.25,PF00830.25,PF00831.29,PF00297.29,PF01197.24,PF01783.30,PF00468.23,PF01632.25,PF00573.28,PF00347.29,PF03948.20,PF00338.28,PF00411.25,PF00416.28,PF00312.28,PF00366.27,PF00203.27,PF00318.26,PF01649.24,PF01165.26,PF02482.26,PF01250.23,PF00177.28,PF00410.25,PF00380.26,PF00164.32,PF01193.30,PF01765.25,PF02075.24,PF03652.21,PF03840.21,PF00344.26,PF00464.26,PF01668.24,PF00436.32,PF08334.17,PF01026.28,PF01702.26,PF01131.26,PF01709.27,PF00750.26,PF13393.12,PF01746.27,PF02367.24,PF02592.21,PF02130.25,PF04307.20,PF03755.19,PF13277.12,PF05164.19	4a6fa82522b42c95c93e66163aac0def	Bacteria	Bacteria	r232	38.2	112	genus	2026-08-11
Bacillota.hmm	https://doi.org/10.1093/bioinformatics/btz188	bacillota	phylum	79	https://github.com/AstrobioMike/GToTree/releases/download/gtdb-scg-sets-r232/Bacillota.hmm	ADK,CoaE,Cpn10,CTP_transf_1,EF_TS,eIF-1a,Exonuc_VII_L,Exonuc_VII_S,GcpE,GrpE,HrcA,IPPT,IreB,MnmE_helical,MraZ,NFACT_N,Pept_tRNA_hydro,PGK,Queuosine_synth,RBFA,RecO_C,Ribonuclease_P,Ribosomal_L1,Ribosomal_L13,Ribosomal_L14,Ribosomal_L16,Ribosomal_L17,Ribosomal_L18p,Ribosomal_L19,Ribosomal_L20,Ribosomal_L21p,Ribosomal_L22,Ribosomal_L23,ribosomal_L24,Ribosomal_L27,Ribosomal_L28,Ribosomal_L29,Ribosomal_L3,Ribosomal_L31,Ribosomal_L32p,Ribosomal_L35p,Ribosomal_L4,Ribosomal_L6,Ribosomal_L9_C,Ribosomal_S10,Ribosomal_S11,Ribosomal_S13,Ribosomal_S15,Ribosomal_S17,Ribosomal_S19,Ribosomal_S2,Ribosomal_S20p,Ribosomal_S21,Ribosomal_S30AE,Ribosomal_S6,Ribosomal_S7,Ribosomal_S8,Ribosomal_S9,Ribosom_S12_S23,RNA_pol_L,RNA_pol_Rpb6,RRF,RsfS,RuvX,SecE,SecG,SecY,SMC_ScpA,SMC_ScpB,SmpB,TGT,Transcrip_reg,tRNA-synt_1d,tRNA_m1G_MT,YajC,YbaB_DNA_bd,YbeY,YgbB,YlxR	PF00406.30,PF01121.27,PF00166.27,PF01148.26,PF00889.26,PF01176.27,PF02601.21,PF02609.22,PF04551.20,PF01025.25,PF01628.28,PF01715.24,PF06135.18,PF12631.13,PF02381.24,PF05833.17,PF01195.27,PF00162.25,PF02547.21,PF02033.24,PF02565.22,PF00825.25,PF00687.27,PF00572.25,PF00238.25,PF00252.25,PF01196.25,PF00861.28,PF01245.27,PF00453.24,PF00829.27,PF00237.25,PF00276.26,PF17136.11,PF01016.25,PF00830.25,PF00831.29,PF00297.29,PF01197.24,PF01783.30,PF01632.25,PF00573.28,PF00347.29,PF03948.20,PF00338.28,PF00411.25,PF00416.28,PF00312.28,PF00366.27,PF00203.27,PF00318.26,PF01649.24,PF01165.26,PF02482.26,PF01250.23,PF00177.28,PF00410.25,PF00380.26,PF00164.32,PF01193.30,PF01192.28,PF01765.25,PF02410.23,PF03652.21,PF00584.26,PF03840.21,PF00344.26,PF02616.20,PF04079.23,PF01668.24,PF01702.26,PF01709.27,PF00750.26,PF01746.27,PF02699.22,PF02575.23,PF02130.25,PF02542.22,PF04296.19	0e9dd31a756a4cab4e86a3f3d0e62dae	Bacteria	Bacteria	r232	38.2	3257	genus	2026-08-11
Bacillota_I.hmm	https://doi.org/10.1093/bioinformatics/btz188	bacillota_i	phylum	71	https://github.com/AstrobioMike/GToTree/releases/download/gtdb-scg-sets-r232/Bacillota_I.hmm	ADK,CTP_transf_1,DnaJ_C,EF_TS,eIF-1a,Exonuc_VII_L,Exonuc_VII_S,GrpE,HrcA,IPPT,MnmE_helical,Peptidase_A8,Peptidase_Prp,Pept_tRNA_hydro,PGK,Rad51,RBFA,RecA_N,RecU,Ribonuclease_P,Ribosomal_L1,Ribosomal_L13,Ribosomal_L14,Ribosomal_L16,Ribosomal_L17,Ribosomal_L18p,Ribosomal_L19,Ribosomal_L20,Ribosomal_L21p,Ribosomal_L22,Ribosomal_L23,ribosomal_L24,Ribosomal_L27,Ribosomal_L29,Ribosomal_L3,Ribosomal_L31,Ribosomal_L32p,Ribosomal_L35p,Ribosomal_L4,Ribosomal_L6,Ribosomal_L9_C,Ribosomal_S10,Ribosomal_S11,Ribosomal_S13,Ribosomal_S14,Ribosomal_S15,Ribosomal_S17,Ribosomal_S19,Ribosomal_S20p,Ribosomal_S21,Ribosomal_S30AE,Ribosomal_S6,Ribosomal_S7,Ribosomal_S8,Ribosomal_S9,Ribosom_S12_S23,RNA_pol_L,RRF,RuvX,SecE,SecY,SmpB,SPOUT_MTase,Transcrip_reg,TrmK,tRNA-synt_2c,tRNA_m1G_MT,UPF0154,WHD_DnaB,YbeY,YlxR	PF00406.30,PF01148.26,PF01556.24,PF00889.26,PF01176.27,PF02601.21,PF02609.22,PF01025.25,PF01628.28,PF01715.24,PF12631.13,PF01252.24,PF04327.18,PF01195.27,PF00162.25,PF08423.18,PF02033.24,PF00154.28,PF03838.22,PF00825.25,PF00687.27,PF00572.25,PF00238.25,PF00252.25,PF01196.25,PF00861.28,PF01245.27,PF00453.24,PF00829.27,PF00237.25,PF00276.26,PF17136.11,PF01016.25,PF00831.29,PF00297.29,PF01197.24,PF01783.30,PF01632.25,PF00573.28,PF00347.29,PF03948.20,PF00338.28,PF00411.25,PF00416.28,PF00253.28,PF00312.28,PF00366.27,PF00203.27,PF01649.24,PF01165.26,PF02482.26,PF01250.23,PF00177.28,PF00410.25,PF00380.26,PF00164.32,PF01193.30,PF01765.25,PF03652.21,PF00584.26,PF00344.26,PF01668.24,PF02590.23,PF01709.27,PF04816.19,PF01411.25,PF01746.27,PF03672.19,PF25888.1,PF02130.25,PF04296.19	f308dab277986738d707bb17bd64becd	Bacteria	Bacteria	r232	38.2	513	genus	2026-08-11
Bacteria-and-Archaea.hmm	https://doi.org/10.1093/bioinformatics/btz188	bacteria-and-archaea	multi-domain	30	https://github.com/AstrobioMike/GToTree/releases/download/gtdb-scg-sets-r232/Bacteria-and-Archaea.hmm	eIF-1a,PGK,Ribosomal_L1,Ribosomal_L13,Ribosomal_L14,Ribosomal_L16,Ribosomal_L18p,Ribosomal_L22,Ribosomal_L23,Ribosomal_L29,Ribosomal_L3,Ribosomal_L4,Ribosomal_L6,Ribosomal_S10,Ribosomal_S11,Ribosomal_S13,Ribosomal_S15,Ribosomal_S17,Ribosomal_S19,Ribosomal_S2,Ribosomal_S7,Ribosomal_S8,Ribosomal_S9,Ribosom_S12_S23,RNA_pol_L,RRF,SecE,SecY,TIM,tRNA-synt_1d	PF01176.27,PF00162.25,PF00687.27,PF00572.25,PF00238.25,PF00252.25,PF00861.28,PF00237.25,PF00276.26,PF00831.29,PF00297.29,PF00573.28,PF00347.29,PF00338.28,PF00411.25,PF00416.28,PF00312.28,PF00366.27,PF00203.27,PF00318.26,PF00177.28,PF00410.25,PF00380.26,PF00164.32,PF01193.30,PF01765.25,PF00584.26,PF00344.26,PF00121.25,PF00750.26	7681df121781409b3195566e4534157e	NA	NA	r232	38.2	5638	family	2026-08-11
Bacteria.hmm	https://doi.org/10.1093/bioinformatics/btz188	bacteria	domain	52	https://github.com/AstrobioMike/GToTree/releases/download/gtdb-scg-sets-r232/Bacteria.hmm	EF_TS,eIF-1a,IPPT,Methyltransf_5,Pept_tRNA_hydro,PGK,RBFA,Ribosomal_L1,Ribosomal_L13,Ribosomal_L14,Ribosomal_L16,Ribosomal_L17,Ribosomal_L18p,Ribosomal_L19,Ribosomal_L20,Ribosomal_L21p,Ribosomal_L22,Ribosomal_L23,ribosomal_L24,Ribosomal_L27,Ribosomal_L29,Ribosomal_L3,Ribosomal_L31,Ribosomal_L35p,Ribosomal_L4,Ribosomal_L6,Ribosomal_L9_C,Ribosomal_S10,Ribosomal_S11,Ribosomal_S13,Ribosomal_S15,Ribosomal_S17,Ribosomal_S19,Ribosomal_S2,Ribosomal_S20p,Ribosomal_S6,Ribosomal_S7,Ribosomal_S8,Ribosomal_S9,Ribosom_S12_S23,RNA_pol_L,RRF,RuvC,SecE,SecG,SecY,SmpB,TIM,Transcrip_reg,tRNA-synt_1d,tRNA_m1G_MT,YbeY	PF00889.26,PF01176.27,PF01715.24,PF01795.26,PF01195.27,PF00162.25,PF02033.24,PF00687.27,PF00572.25,PF00238.25,PF00252.25,PF01196.25,PF00861.28,PF01245.27,PF00453.24,PF00829.27,PF00237.25,PF00276.26,PF17136.11,PF01016.25,PF00831.29,PF00297.29,PF01197.24,PF01632.25,PF00573.28,PF00347.29,PF03948.20,PF00338.28,PF00411.25,PF00416.28,PF00312.28,PF00366.27,PF00203.27,PF00318.26,PF01649.24,PF01250.23,PF00177.28,PF00410.25,PF00380.26,PF00164.32,PF01193.30,PF01765.25,PF02075.24,PF00584.26,PF03840.21,PF00344.26,PF01668.24,PF00121.25,PF01709.27,PF00750.26,PF01746.27,PF02130.25	38fefc67d4bd9f47bca5822dc2ec4f72	Bacteria	NA	r232	38.2	5146	family	2026-08-11
Bacteroidota.hmm	https://doi.org/10.1093/bioinformatics/btz188	bacteroidota	phylum	118	https://github.com/AstrobioMike/GToTree/releases/download/gtdb-scg-sets-r232/Bacteroidota.hmm	Adenylsucc_synt,ADK,AdoHcyase,AICARFT_IMPCHas,ATP-synt,ATP-synt_A,ATP-synt_B,ATP-synt_DE_N,BacA,BFN_dom,Chorismate_synt,CinA,Cpn60_TCP1,CTP_transf_1,DAP_epimerase,DciA,DFP,DMRL_synthase,DUF2795,DUF3098,DUF3467,DUF4292,DUF4835,EF_TS,eIF-1a,Enolase_C,FolB,FtsQ_DivIB_C_rel,GidB,GrpE,Ham1p_like,HPPK,LptE,LpxC,LpxK,Lum_binding,Maf,Methyltransf_5,Methyltrans_RNA,MnmE_helical,NDK,OMPdecase,OSCP,Pantoate_ligase,Pantoate_transf,PdxA,PdxJ,Pept_tRNA_hydro,PGK,Prenyltransf,RBFA,RecA_N,RecO_C,Ribonuclease_P,Ribosomal_L1,Ribosomal_L13,Ribosomal_L14,Ribosomal_L16,Ribosomal_L17,Ribosomal_L18p,Ribosomal_L19,Ribosomal_L20,Ribosomal_L21p,Ribosomal_L22,Ribosomal_L23,ribosomal_L24,Ribosomal_L27,Ribosomal_L28,Ribosomal_L29,Ribosomal_L3,Ribosomal_L31,Ribosomal_L32p,Ribosomal_L33,Ribosomal_L35p,Ribosomal_L4,Ribosomal_L6,Ribosomal_L9_C,Ribosomal_S10,Ribosomal_S11,Ribosomal_S13,Ribosomal_S14,Ribosomal_S15,Ribosomal_S17,Ribosomal_S19,Ribosomal_S2,Ribosomal_S20p,Ribosomal_S6,Ribosomal_S7,Ribosomal_S8,Ribosomal_S9,Ribosom_S12_S23,RNase_HII,RNA_pol_L,RRF,RsfS,RuvC,RuvX,SAICAR_synt,SecG,SecY,SmpB,SurE,TatC,TGT,TIM,tRNA-synt_1d,tRNA-synt_2c,tRNA-synt_His,tRNA_m1G_MT,Tyr_Deacylase,UPF0102,YajC,YbeY,YceD,YceG,YicC-like_N,YqeY,ZapA	PF00709.28,PF00406.30,PF05221.24,PF01808.25,PF00231.25,PF00119.26,PF00430.24,PF02823.23,PF02673.25,PF02577.20,PF01264.27,PF02464.24,PF00118.30,PF01148.26,PF01678.25,PF05258.18,PF04127.23,PF00885.25,PF11387.15,PF11297.14,PF11950.14,PF14125.13,PF16119.11,PF00889.26,PF01176.27,PF00113.29,PF02152.24,PF28809.1,PF02527.22,PF01025.25,PF01725.22,PF01288.26,PF04390.18,PF03331.20,PF02606.21,PF00677.24,PF02545.20,PF01795.26,PF04452.20,PF12631.13,PF00334.25,PF00215.31,PF00213.24,PF02569.22,PF02548.22,PF04166.18,PF03740.21,PF01195.27,PF00162.25,PF01255.25,PF02033.24,PF00154.28,PF02565.22,PF00825.25,PF00687.27,PF00572.25,PF00238.25,PF00252.25,PF01196.25,PF00861.28,PF01245.27,PF00453.24,PF00829.27,PF00237.25,PF00276.26,PF17136.11,PF01016.25,PF00830.25,PF00831.29,PF00297.29,PF01197.24,PF01783.30,PF00471.27,PF01632.25,PF00573.28,PF00347.29,PF03948.20,PF00338.28,PF00411.25,PF00416.28,PF00253.28,PF00312.28,PF00366.27,PF00203.27,PF00318.26,PF01649.24,PF01250.23,PF00177.28,PF00410.25,PF00380.26,PF00164.32,PF01351.26,PF01193.30,PF01765.25,PF02410.23,PF02075.24,PF03652.21,PF01259.25,PF03840.21,PF00344.26,PF01668.24,PF01975.24,PF00902.24,PF01702.26,PF00121.25,PF00750.26,PF01411.25,PF13393.12,PF01746.27,PF02580.23,PF02021.24,PF02699.22,PF02130.25,PF02620.23,PF02618.22,PF03755.19,PF09424.16,PF05164.19	a83d7d83e3c4ad4e9e5af6c71fb515e9	Bacteria	Bacteria	r232	38.2	2462	genus	2026-08-11
Bdellovibrionota.hmm	https://doi.org/10.1093/bioinformatics/btz188	bdellovibrionota	phylum	93	https://github.com/AstrobioMike/GToTree/releases/download/gtdb-scg-sets-r232/Bdellovibrionota.hmm	Adenylsucc_synt,ADK,AdoHcyase,ATP-synt,ATP-synt_A,ATP-synt_C,ATP-synt_DE_N,CarD_C,CinA,CoaE,CsrA,Cytidylate_kin,DAP_epimerase,DciA,EF_TS,Enolase_C,Exonuc_VII_L,Exonuc_VII_S,FlgM,GrpE,IPPT,LacAB_rpiB,LpxK,Methyltransf_5,MnmE_helical,NDK,NusG,OMPdecase,OmpH,OSCP,Pept_tRNA_hydro,PGI,PGK,PgpA,Prenyltransf,Queuosine_synth,RBFA,Ribosomal_L1,Ribosomal_L13,Ribosomal_L14,Ribosomal_L16,Ribosomal_L17,Ribosomal_L18p,Ribosomal_L19,Ribosomal_L20,Ribosomal_L21p,Ribosomal_L22,Ribosomal_L23,Ribosomal_L27,Ribosomal_L28,Ribosomal_L29,Ribosomal_L3,Ribosomal_L31,Ribosomal_L35p,Ribosomal_L4,Ribosomal_L6,Ribosomal_L9_C,Ribosomal_S10,Ribosomal_S11,Ribosomal_S13,Ribosomal_S15,Ribosomal_S17,Ribosomal_S19,Ribosomal_S2,Ribosomal_S20p,Ribosomal_S6,Ribosomal_S7,Ribosomal_S8,Ribosomal_S9,Ribosom_S12_S23,Ribul_P_3_epim,RNase_HII,RNA_pol_L,RNA_pol_Rpb6,RRF,RuvC,SecE,SecG,SecY,SHMT,SMC_ScpA,SMC_ScpB,SmpB,TatC,TIM,tRNA-synt_1d,tRNA-synt_2c,tRNA-synt_His,tRNA_m1G_MT,YajC,YbeY,YceG,YqeY	PF00709.28,PF00406.30,PF05221.24,PF00231.25,PF00119.26,PF00137.27,PF02823.23,PF21095.4,PF02464.24,PF01121.27,PF02599.22,PF02224.25,PF01678.25,PF05258.18,PF00889.26,PF00113.29,PF02601.21,PF02609.22,PF04316.20,PF01025.25,PF01715.24,PF02502.24,PF02606.21,PF01795.26,PF12631.13,PF00334.25,PF02357.25,PF00215.31,PF03938.20,PF00213.24,PF01195.27,PF00342.25,PF00162.25,PF04608.19,PF01255.25,PF02547.21,PF02033.24,PF00687.27,PF00572.25,PF00238.25,PF00252.25,PF01196.25,PF00861.28,PF01245.27,PF00453.24,PF00829.27,PF00237.25,PF00276.26,PF01016.25,PF00830.25,PF00831.29,PF00297.29,PF01197.24,PF01632.25,PF00573.28,PF00347.29,PF03948.20,PF00338.28,PF00411.25,PF00416.28,PF00312.28,PF00366.27,PF00203.27,PF00318.26,PF01649.24,PF01250.23,PF00177.28,PF00410.25,PF00380.26,PF00164.32,PF00834.26,PF01351.26,PF01193.30,PF01192.28,PF01765.25,PF02075.24,PF00584.26,PF03840.21,PF00344.26,PF00464.26,PF02616.20,PF04079.23,PF01668.24,PF00902.24,PF00121.25,PF00750.26,PF01411.25,PF13393.12,PF01746.27,PF02699.22,PF02130.25,PF02618.22,PF09424.16	0c162ca3736dff3cd19e0dab7e142001	Bacteria	Bacteria	r232	38.2	245	genus	2026-08-11
Campylobacterota.hmm	https://doi.org/10.1093/bioinformatics/btz188	campylobacterota	phylum	182	https://github.com/AstrobioMike/GToTree/releases/download/gtdb-scg-sets-r232/Campylobacterota.hmm	ACCA,ACT_5,Adenylsucc_synt,AICARFT_IMPCHas,ALAD,Arginosuc_syn_C,ArgJ,Asp_decarbox,ATP-synt,ATP-synt_A,ATP-synt_C,ATP-synt_DE_N,ATPase_gene1,Bax1-I,CCB3_YggT,Chorismate_synt,CoaE,Colicin_V,Cpn10,Cpn60_TCP1,CTP_transf_1,DapB_C,DAP_epimerase,DFP,DHDPS,DHquinase_II,DMRL_synthase,DUF2018,DUF2400,DUF34_NIF3,DUF4006,DUF493,DUF507,EF_TS,eIF-1a,Enolase_C,Exonuc_VII_L,Exonuc_VII_S,FabA,FA_synthesis,FBPase,Ferrochelatase,FixO,FolB,F_bP_aldolase,G3P_acyltransf,GatB_N,GatC,GcpE,GidB,Gln-synt_C,GrpE,GTP_cyclohydroI,Ham1p_like,HEM4,HisG,Histidinol_dh,HobA,HP0268,HPPK,HSP90,IGPD,IGPS,IPPT,KH_KhpA-B,LacAB_rpiB,LGT,LolA,LpxB,LpxC,LpxK,Lum_binding,LuxS,LYTB,MerR_2,Methyltransf_5,Methyltrans_RNA,MnmE_helical,MoaC,MoaE,MobB,MTHFR,NDK,NusG,OMPdecase,OSCP,Pantoate_ligase,Pantoate_transf,Pan_kinase,PdxA,PdxJ,Peptidase_A8,Peptidase_M17,Peptidase_M3,Peptidase_U32,Pept_tRNA_hydro,PGBA_N,PgpA,Porphobil_deam,PRAI,Prenyltransf,Proteasome,PurS,QueH,Queuosine_synth,RBFA,Ribonuc_red_sm,Ribosomal_L1,Ribosomal_L13,Ribosomal_L14,Ribosomal_L16,Ribosomal_L17,Ribosomal_L18p,Ribosomal_L19,Ribosomal_L20,Ribosomal_L21p,Ribosomal_L22,Ribosomal_L23,ribosomal_L24,Ribosomal_L27,Ribosomal_L28,Ribosomal_L29,Ribosomal_L3,Ribosomal_L31,Ribosomal_L32p,Ribosomal_L35p,Ribosomal_L4,Ribosomal_L6,Ribosomal_L9_C,Ribosomal_S10,Ribosomal_S11,Ribosomal_S13,Ribosomal_S14,Ribosomal_S15,Ribosomal_S17,Ribosomal_S19,Ribosomal_S2,Ribosomal_S20p,Ribosomal_S21,Ribosomal_S6,Ribosomal_S7,Ribosomal_S8,Ribosomal_S9,Ribosom_S12_S23,Ribul_P_3_epim,RNase_HII,RNA_pol_L,RNA_pol_Rpb6,RRF,RsfS,RuvC,RuvX,SAICAR_synt,SecG,SecY,SHMT,SmpB,SPOUT_MTase,SurE,TAL_FSA,TatC,TatD_DNase,TGT,ThiC_Rad_SAM,Thymidylate_kin,TIM,Transcrip_reg,tRNA-synt_1d,tRNA-synt_2c,tRNA-synt_2e,tRNA_m1G_MT,tRNA_synt_2f,Trp_syntA,UPF0102,URO-D,Virul_fac_BrkB,YajC,YbaB_DNA_bd,YbeY,YceG,YfiO,YgbB	PF03255.20,PF13710.13,PF00709.28,PF01808.25,PF00490.28,PF20979.3,PF01960.24,PF02261.23,PF00231.25,PF00119.26,PF00137.27,PF02823.23,PF09527.16,PF01027.27,PF02325.24,PF01264.27,PF01121.27,PF02674.23,PF00166.27,PF00118.30,PF01148.26,PF05173.20,PF01678.25,PF04127.23,PF00701.29,PF01220.26,PF00885.25,PF09442.17,PF09674.16,PF01784.25,PF13179.14,PF04359.21,PF04368.19,PF00889.26,PF01176.27,PF00113.29,PF02601.21,PF02609.22,PF07977.20,PF02504.21,PF00316.26,PF00762.25,PF02433.21,PF02152.24,PF01116.27,PF02660.22,PF02934.21,PF02686.21,PF04551.20,PF02527.22,PF00120.30,PF01025.25,PF01227.28,PF01725.22,PF02602.21,PF01634.24,PF00815.26,PF12163.15,PF18618.8,PF01288.26,PF00183.24,PF00475.25,PF00218.29,PF01715.24,PF13083.14,PF02502.24,PF01790.24,PF03548.23,PF02684.22,PF03331.20,PF02606.21,PF00677.24,PF02664.22,PF02401.24,PF13591.13,PF01795.26,PF04452.20,PF12631.13,PF01967.28,PF02391.23,PF03205.21,PF02219.24,PF00334.25,PF02357.25,PF00215.31,PF00213.24,PF02569.22,PF02548.22,PF03309.21,PF04166.18,PF03740.21,PF01252.24,PF00883.27,PF01432.27,PF01136.26,PF01195.27,PF15436.12,PF04608.19,PF01379.26,PF00697.29,PF01255.25,PF00227.32,PF02700.21,PF02677.21,PF02547.21,PF02033.24,PF00268.28,PF00687.27,PF00572.25,PF00238.25,PF00252.25,PF01196.25,PF00861.28,PF01245.27,PF00453.24,PF00829.27,PF00237.25,PF00276.26,PF17136.11,PF01016.25,PF00830.25,PF00831.29,PF00297.29,PF01197.24,PF01783.30,PF01632.25,PF00573.28,PF00347.29,PF03948.20,PF00338.28,PF00411.25,PF00416.28,PF00253.28,PF00312.28,PF00366.27,PF00203.27,PF00318.26,PF01649.24,PF01165.26,PF01250.23,PF00177.28,PF00410.25,PF00380.26,PF00164.32,PF00834.26,PF01351.26,PF01193.30,PF01192.28,PF01765.25,PF02410.23,PF02075.24,PF03652.21,PF01259.25,PF03840.21,PF00344.26,PF00464.26,PF01668.24,PF02590.23,PF01975.24,PF00923.26,PF00902.24,PF01026.28,PF01702.26,PF01964.25,PF02223.24,PF00121.25,PF01709.27,PF00750.26,PF01411.25,PF02091.21,PF01746.27,PF02092.23,PF00290.27,PF02021.24,PF01208.24,PF03631.22,PF02699.22,PF02575.23,PF02130.25,PF02618.22,PF13525.13,PF02542.22	d02b3f9c837aa1cf6e9b840ca7df1247	Bacteria	Bacteria	r232	38.2	120	genus	2026-08-11
Chlamydiota.hmm	https://doi.org/10.1093/bioinformatics/btz188	chlamydiota	phylum	119	https://github.com/AstrobioMike/GToTree/releases/download/gtdb-scg-sets-r232/Chlamydiota.hmm	Actin,ATP-synt_D,Chorismate_synt,CHP03076_Gly-cleavage,CoaE,CTP_transf_1,CT_504-like,Cytidylate_kin,Cytidylate_kin2,DciA,DnaJ_C,DUF2709,DUF2764,DUF3604,DUF5398,EF_TS,eIF-1a,Enolase_C,Exonuc_VII_L,Exonuc_VII_S,FabA,FliO,FtsA,GatB_N,GatC,GCV_H,Glucosamine_iso,GrpE,HrcA,IPPT,LGT,LpxB,LpxC,LpxK,Methyltrans_RNA,MlaE,MnmE_helical,MYG1_exonuc,NusG,OmpH,Peptidase_A8,Peptidase_S11,Pept_tRNA_hydro,PGI,PGK,PK,Prenyltransf,RBFA,RecA_N,Ribosomal_L1,Ribosomal_L13,Ribosomal_L14,Ribosomal_L16,Ribosomal_L17,Ribosomal_L18p,Ribosomal_L19,Ribosomal_L20,Ribosomal_L21p,Ribosomal_L22,Ribosomal_L23,ribosomal_L24,Ribosomal_L27,Ribosomal_L28,Ribosomal_L29,Ribosomal_L3,Ribosomal_L31,Ribosomal_L33,Ribosomal_L4,Ribosomal_L6,Ribosomal_L9_C,Ribosomal_S10,Ribosomal_S11,Ribosomal_S13,Ribosomal_S14,Ribosomal_S15,Ribosomal_S17,Ribosomal_S19,Ribosomal_S2,Ribosomal_S20p,Ribosomal_S21,Ribosomal_S30AE,Ribosomal_S6,Ribosomal_S7,Ribosomal_S8,Ribosomal_S9,Ribosom_S12_S23,Ribul_P_3_epim,Rib_5-P_isom_A,RNA_pol_L,RRF,RsfS,RuvC,RuvX,SecE,SecG,SecY,SHMT,SmpB,Sua5_yciO_yrdC,SufE,T2SSE,T2SSF,TatD_DNase,TGT,Thy1,Thymidylate_kin,TIM,Transcrip_reg,tRNA-synt_1d,tRNA-synt_1e,tRNA-synt_His,tRNA_m1G_MT,UPF0158,V_ATPase_I,YajC,YbeY,YicC-like_N,YitT_membrane,YscO-like	PF00022.27,PF01813.23,PF01264.27,PF27779.1,PF01121.27,PF01148.26,PF28261.1,PF02224.25,PF13189.13,PF05258.18,PF01556.24,PF10915.14,PF10962.14,PF12228.15,PF17376.8,PF00889.26,PF01176.27,PF00113.29,PF02601.21,PF02609.22,PF07977.20,PF04347.19,PF14450.13,PF02934.21,PF02686.21,PF01597.26,PF01182.27,PF01025.25,PF01628.28,PF01715.24,PF01790.24,PF02684.22,PF03331.20,PF02606.21,PF04452.20,PF02405.22,PF12631.13,PF03690.19,PF02357.25,PF03938.20,PF01252.24,PF00768.26,PF01195.27,PF00342.25,PF00162.25,PF00224.28,PF01255.25,PF02033.24,PF00154.28,PF00687.27,PF00572.25,PF00238.25,PF00252.25,PF01196.25,PF00861.28,PF01245.27,PF00453.24,PF00829.27,PF00237.25,PF00276.26,PF17136.11,PF01016.25,PF00830.25,PF00831.29,PF00297.29,PF01197.24,PF00471.27,PF00573.28,PF00347.29,PF03948.20,PF00338.28,PF00411.25,PF00416.28,PF00253.28,PF00312.28,PF00366.27,PF00203.27,PF00318.26,PF01649.24,PF01165.26,PF02482.26,PF01250.23,PF00177.28,PF00410.25,PF00380.26,PF00164.32,PF00834.26,PF06026.21,PF01193.30,PF01765.25,PF02410.23,PF02075.24,PF03652.21,PF00584.26,PF03840.21,PF00344.26,PF00464.26,PF01668.24,PF01300.25,PF02657.22,PF00437.27,PF00482.29,PF01026.28,PF01702.26,PF02511.21,PF02223.24,PF00121.25,PF01709.27,PF00750.26,PF01406.26,PF13393.12,PF01746.27,PF03682.19,PF01496.25,PF02699.22,PF02130.25,PF03755.19,PF02588.22,PF16789.11	5a85881b5fa04bd87e030d37cba781f0	Bacteria	Bacteria	r232	38.2	189	genus	2026-08-11
Chloroflexota.hmm	https://doi.org/10.1093/bioinformatics/btz188	chloroflexota	phylum	69	https://github.com/AstrobioMike/GToTree/releases/download/gtdb-scg-sets-r232/Chloroflexota.hmm	ADK,AdoHcyase,ATP-synt_A,ATP-synt_B,ATP-synt_DE_N,CTP_transf_1,EF_TS,HrcA,IPPT,Methyltransf_5,NDK,OSCP,Pept_tRNA_hydro,PGK,Prenyltransf,RBFA,RecO_C,Ribosomal_L1,Ribosomal_L13,Ribosomal_L14,Ribosomal_L16,Ribosomal_L17,Ribosomal_L18p,Ribosomal_L19,Ribosomal_L20,Ribosomal_L21p,Ribosomal_L22,Ribosomal_L23,ribosomal_L24,Ribosomal_L27,Ribosomal_L29,Ribosomal_L3,Ribosomal_L31,Ribosomal_L35p,Ribosomal_L4,Ribosomal_L6,Ribosomal_L9_C,Ribosomal_S10,Ribosomal_S11,Ribosomal_S13,Ribosomal_S15,Ribosomal_S17,Ribosomal_S19,Ribosomal_S2,Ribosomal_S20p,Ribosomal_S6,Ribosomal_S7,Ribosomal_S8,Ribosomal_S9,Ribosom_S12_S23,RNase_HII,RNA_pol_L,RRF,RsfS,RuvC,RuvX,SecE,SecG,SecY,SmpB,Topoisom_bac,Transcrip_reg,tRNA-synt_1d,tRNA_m1G_MT,Tyr_Deacylase,UPF0102,YbaB_DNA_bd,YbeY,YceD	PF00406.30,PF05221.24,PF00119.26,PF00430.24,PF02823.23,PF01148.26,PF00889.26,PF01628.28,PF01715.24,PF01795.26,PF00334.25,PF00213.24,PF01195.27,PF00162.25,PF01255.25,PF02033.24,PF02565.22,PF00687.27,PF00572.25,PF00238.25,PF00252.25,PF01196.25,PF00861.28,PF01245.27,PF00453.24,PF00829.27,PF00237.25,PF00276.26,PF17136.11,PF01016.25,PF00831.29,PF00297.29,PF01197.24,PF01632.25,PF00573.28,PF00347.29,PF03948.20,PF00338.28,PF00411.25,PF00416.28,PF00312.28,PF00366.27,PF00203.27,PF00318.26,PF01649.24,PF01250.23,PF00177.28,PF00410.25,PF00380.26,PF00164.32,PF01351.26,PF01193.30,PF01765.25,PF02410.23,PF02075.24,PF03652.21,PF00584.26,PF03840.21,PF00344.26,PF01668.24,PF01131.26,PF01709.27,PF00750.26,PF01746.27,PF02580.23,PF02021.24,PF02575.23,PF02130.25,PF02620.23	0aa1ee868ad8229ecb368476f507bf13	Bacteria	Bacteria	r232	38.2	1061	genus	2026-08-11
Cyanobacteriota.hmm	https://doi.org/10.1093/bioinformatics/btz188	cyanobacteriota	phylum	119	https://github.com/AstrobioMike/GToTree/releases/download/gtdb-scg-sets-r232/Cyanobacteriota.hmm	Adenylsucc_synt,AdoHcyase,AICARFT_IMPCHas,AnmK,Asparaginase_II,BacA,BFN_dom,BioY,Chorismate_synt,CinA,CoaE,CofD,Cu-oxidase_4,DAGK_prokar,DapB_C,DAP_epimerase,DFP,DHBP_synthase,DHDPS,DHquinase_II,DMRL_synthase,DUF212,DUF4330,EF_TS,eIF-1a,Enolase_C,FA_synthesis,GatB_N,GatC,GcpE,GidB,HPPK,IPPT,LpxC,Lum_binding,LYTB,Maf,Methyltransf_5,Methyltrans_RNA,MinE,MnmE_helical,MTHFR,NadA,NDK,NFACT_N,NusG,OSCP,Oxidored_q3,Oxidored_q4,Pantoate_ligase,Pantoate_transf,Pan_kinase,PDT,PdxA,PdxJ,Peptidase_A8,Pept_tRNA_hydro,PGK,Queuosine_synth,RBFA,RecO_C,Ribonuclease_P,Ribosomal_L1,Ribosomal_L13,Ribosomal_L14,Ribosomal_L16,Ribosomal_L17,Ribosomal_L18p,Ribosomal_L19,Ribosomal_L20,Ribosomal_L21p,Ribosomal_L22,Ribosomal_L23,ribosomal_L24,Ribosomal_L27,Ribosomal_L28,Ribosomal_L29,Ribosomal_L3,Ribosomal_L31,Ribosomal_L32p,Ribosomal_L35p,Ribosomal_L4,Ribosomal_L6,Ribosomal_L9_C,Ribosomal_S10,Ribosomal_S11,Ribosomal_S13,Ribosomal_S14,Ribosomal_S15,Ribosomal_S17,Ribosomal_S19,Ribosomal_S2,Ribosomal_S20p,Ribosomal_S6,Ribosomal_S7,Ribosomal_S8,Ribosomal_S9,Ribosom_S12_S23,RNA_pol_L,RRF,RsfS,RuvC,SecE,SecG,SecY,SHMT,SMC_ScpA,SMC_ScpB,SmpB,TIM,tRNA-synt_1d,tRNA-synt_2c,tRNA-synt_2e,tRNA_m1G_MT,tRNA_synt_2f,UPF0102,YbaB_DNA_bd,YbeY,YgbB	PF00709.28,PF05221.24,PF01808.25,PF03702.21,PF06089.18,PF02673.25,PF02577.20,PF02632.21,PF01264.27,PF02464.24,PF01121.27,PF01933.24,PF02578.22,PF01219.25,PF05173.20,PF01678.25,PF04127.23,PF00926.25,PF00701.29,PF01220.26,PF00885.25,PF02681.21,PF14221.12,PF00889.26,PF01176.27,PF00113.29,PF02504.21,PF02934.21,PF02686.21,PF04551.20,PF02527.22,PF01288.26,PF01715.24,PF03331.20,PF00677.24,PF02401.24,PF02545.20,PF01795.26,PF04452.20,PF03776.21,PF12631.13,PF02219.24,PF02445.22,PF00334.25,PF05833.17,PF02357.25,PF00213.24,PF00499.26,PF00507.25,PF02569.22,PF02548.22,PF03309.21,PF00800.24,PF04166.18,PF03740.21,PF01252.24,PF01195.27,PF00162.25,PF02547.21,PF02033.24,PF02565.22,PF00825.25,PF00687.27,PF00572.25,PF00238.25,PF00252.25,PF01196.25,PF00861.28,PF01245.27,PF00453.24,PF00829.27,PF00237.25,PF00276.26,PF17136.11,PF01016.25,PF00830.25,PF00831.29,PF00297.29,PF01197.24,PF01783.30,PF01632.25,PF00573.28,PF00347.29,PF03948.20,PF00338.28,PF00411.25,PF00416.28,PF00253.28,PF00312.28,PF00366.27,PF00203.27,PF00318.26,PF01649.24,PF01250.23,PF00177.28,PF00410.25,PF00380.26,PF00164.32,PF01193.30,PF01765.25,PF02410.23,PF02075.24,PF00584.26,PF03840.21,PF00344.26,PF00464.26,PF02616.20,PF04079.23,PF01668.24,PF00121.25,PF00750.26,PF01411.25,PF02091.21,PF01746.27,PF02092.23,PF02021.24,PF02575.23,PF02130.25,PF02542.22	6db4dd834d14ae38d365638267d8b320	Bacteria	Bacteria	r232	38.2	525	genus	2026-08-11
Deinococcota.hmm	https://doi.org/10.1093/bioinformatics/btz188	deinococcota	phylum	132	https://github.com/AstrobioMike/GToTree/releases/download/gtdb-scg-sets-r232/Deinococcota.hmm	ACT_5,Adenylsucc_synt,AICARFT_IMPCHas,ApeP-like,Arginosuc_syn_C,ArgJ,CcmB,CcmC,CcmE,CcmH,Chorismate_synt,CM_1,Cob_adeno_trans,CofD,Cpn10,Cpn60_TCP1,CT398_CC,CTP_transf_1,Cu-oxidase_4,Cytidylate_kin,DAGK_prokar,DciA,DHquinase_II,DUF1999,DUF212,DUF3208,DUF3248,DUF5693,DUF8754,EF_TS,eIF-1a,Enolase_C,FabA,FA_synthesis,FUN14,GatB_N,GatC,GcpE,GidB,GrpE,Ham1p_like,HisG,HSP33,IGPD,IGPS,Indigoidine_A,IPPT,LYTB,Maf,Methyltransf_5,MinE,NDK,NFACT_N,NusG,PDT,Peptidase_A8,Pept_tRNA_hydro,PGI,PGK,PhoH,PK,PRAI,Prenyltransf,RapZ-like_N,Ribonuclease_P,Ribosomal_L1,Ribosomal_L13,Ribosomal_L14,Ribosomal_L16,Ribosomal_L17,Ribosomal_L18p,Ribosomal_L19,Ribosomal_L20,Ribosomal_L21p,Ribosomal_L22,Ribosomal_L23,ribosomal_L24,Ribosomal_L27,Ribosomal_L29,Ribosomal_L3,Ribosomal_L31,Ribosomal_L32p,Ribosomal_L35p,Ribosomal_L4,Ribosomal_L6,Ribosomal_L9_C,Ribosomal_S11,Ribosomal_S13,Ribosomal_S15,Ribosomal_S17,Ribosomal_S19,Ribosomal_S2,Ribosomal_S20p,Ribosomal_S30AE,Ribosomal_S6,Ribosomal_S7,Ribosomal_S8,Ribosomal_S9,Ribosom_S12_S23,Rib_5-P_isom_A,RNase_HII,RNA_pol_L,RNA_pol_Rpb6,Rossmann-like_BshC,RRF,RsfS,RuvC,RuvX,SecE,SecG,SecY,SHMT,SMC_ScpB,SmpB,SPOUT_MTase,SpoVS,TatC,TGT,TIM,TK,Transcrip_reg,tRNA-synt_1d,tRNA_m1G_MT,Trp_syntA,TruD,Tyr_Deacylase,V-ATPase_G_2,YbaB_DNA_bd,YbeY,YceD,YceG,YgbB	PF13710.13,PF00709.28,PF01808.25,PF22817.3,PF20979.3,PF01960.24,PF03379.21,PF27518.2,PF03100.23,PF03918.20,PF01264.27,PF07736.17,PF01923.24,PF01933.24,PF00166.27,PF00118.30,PF24481.3,PF01148.26,PF02578.22,PF02224.25,PF01219.25,PF05258.18,PF01220.26,PF09390.18,PF02681.21,PF11482.15,PF11609.15,PF18949.6,PF30885.1,PF00889.26,PF01176.27,PF00113.29,PF07977.20,PF02504.21,PF04930.21,PF02934.21,PF02686.21,PF04551.20,PF02527.22,PF01025.25,PF01725.22,PF01634.24,PF01430.25,PF00475.25,PF00218.29,PF04227.18,PF01715.24,PF02401.24,PF02545.20,PF01795.26,PF03776.21,PF00334.25,PF05833.17,PF02357.25,PF00800.24,PF01252.24,PF01195.27,PF00342.25,PF00162.25,PF02562.23,PF00224.28,PF00697.29,PF01255.25,PF03668.22,PF00825.25,PF00687.27,PF00572.25,PF00238.25,PF00252.25,PF01196.25,PF00861.28,PF01245.27,PF00453.24,PF00829.27,PF00237.25,PF00276.26,PF17136.11,PF01016.25,PF00831.29,PF00297.29,PF01197.24,PF01783.30,PF01632.25,PF00573.28,PF00347.29,PF03948.20,PF00411.25,PF00416.28,PF00312.28,PF00366.27,PF00203.27,PF00318.26,PF01649.24,PF02482.26,PF01250.23,PF00177.28,PF00410.25,PF00380.26,PF00164.32,PF06026.21,PF01351.26,PF01193.30,PF01192.28,PF10079.16,PF01765.25,PF02410.23,PF02075.24,PF03652.21,PF00584.26,PF03840.21,PF00344.26,PF00464.26,PF04079.23,PF01668.24,PF02590.23,PF04232.19,PF00902.24,PF01702.26,PF00121.25,PF00265.25,PF01709.27,PF00750.26,PF01746.27,PF00290.27,PF01142.24,PF02580.23,PF16999.11,PF02575.23,PF02130.25,PF02620.23,PF02618.22,PF02542.22	c98b8c548ba91c4845d21f8495be8985	Bacteria	Bacteria	r232	38.2	55	genus	2026-08-11
Desulfobacterota.hmm	https://doi.org/10.1093/bioinformatics/btz188	desulfobacterota	phylum	101	https://github.com/AstrobioMike/GToTree/releases/download/gtdb-scg-sets-r232/Desulfobacterota.hmm	Adenylsucc_synt,ALAD,Arginosuc_syn_C,ArgJ,CCB3_YggT,Chorismate_synt,CinA,CoaE,CTP_transf_1,Cu-oxidase_4,DapB_C,DAP_epimerase,DciA,DFP,DMRL_synthase,EF_TS,Exonuc_VII_L,Exonuc_VII_S,GatC,GcpE,Ham1p_like,HPPK,IGPD,LptE,LpxB,LpxC,LpxK,Lum_binding,Methyltransf_5,MnmE_helical,MoaC,MraZ,Pantoate_ligase,Pan_kinase,Peptidase_A8,Pept_tRNA_hydro,PgpA,Porphobil_deam,Prenyltransf,Queuosine_synth,RBFA,RecO_C,Ribosomal_L1,Ribosomal_L13,Ribosomal_L14,Ribosomal_L16,Ribosomal_L17,Ribosomal_L18p,Ribosomal_L19,Ribosomal_L20,Ribosomal_L21p,Ribosomal_L22,Ribosomal_L23,ribosomal_L24,Ribosomal_L27,Ribosomal_L28,Ribosomal_L29,Ribosomal_L3,Ribosomal_L31,Ribosomal_L35p,Ribosomal_L4,Ribosomal_L6,Ribosomal_L9_C,Ribosomal_S10,Ribosomal_S11,Ribosomal_S13,Ribosomal_S15,Ribosomal_S17,Ribosomal_S19,Ribosomal_S2,Ribosomal_S20p,Ribosomal_S6,Ribosomal_S7,Ribosomal_S8,Ribosomal_S9,Ribosom_S12_S23,Ribul_P_3_epim,RNase_HII,RNA_pol_L,RNA_pol_Rpb6,RRF,RsfS,RuvC,SAICAR_synt,SecE,SecG,SecY,SelA,SmpB,TIM,Transcrip_reg,tRNA-synt_1d,tRNA-synt_2c,tRNA_m1G_MT,UPF0102,YajC,YbaB_DNA_bd,YbeY,YceG,YgbB,YicC-like_N	PF00709.28,PF00490.28,PF20979.3,PF01960.24,PF02325.24,PF01264.27,PF02464.24,PF01121.27,PF01148.26,PF02578.22,PF05173.20,PF01678.25,PF05258.18,PF04127.23,PF00885.25,PF00889.26,PF02601.21,PF02609.22,PF02686.21,PF04551.20,PF01725.22,PF01288.26,PF00475.25,PF04390.18,PF02684.22,PF03331.20,PF02606.21,PF00677.24,PF01795.26,PF12631.13,PF01967.28,PF02381.24,PF02569.22,PF03309.21,PF01252.24,PF01195.27,PF04608.19,PF01379.26,PF01255.25,PF02547.21,PF02033.24,PF02565.22,PF00687.27,PF00572.25,PF00238.25,PF00252.25,PF01196.25,PF00861.28,PF01245.27,PF00453.24,PF00829.27,PF00237.25,PF00276.26,PF17136.11,PF01016.25,PF00830.25,PF00831.29,PF00297.29,PF01197.24,PF01632.25,PF00573.28,PF00347.29,PF03948.20,PF00338.28,PF00411.25,PF00416.28,PF00312.28,PF00366.27,PF00203.27,PF00318.26,PF01649.24,PF01250.23,PF00177.28,PF00410.25,PF00380.26,PF00164.32,PF00834.26,PF01351.26,PF01193.30,PF01192.28,PF01765.25,PF02410.23,PF02075.24,PF01259.25,PF00584.26,PF03840.21,PF00344.26,PF03841.20,PF01668.24,PF00121.25,PF01709.27,PF00750.26,PF01411.25,PF01746.27,PF02021.24,PF02699.22,PF02575.23,PF02130.25,PF02618.22,PF02542.22,PF03755.19	02bef62f8c8dff54dc63b2714c851145	Bacteria	Bacteria	r232	38.2	918	genus	2026-08-11
Elusimicrobiota.hmm	https://doi.org/10.1093/bioinformatics/btz188	elusimicrobiota	phylum	107	https://github.com/AstrobioMike/GToTree/releases/download/gtdb-scg-sets-r232/Elusimicrobiota.hmm	Actin,Asp_Glu_race,ATP-synt_C,CinA,CoaE,Cpn10,Cpn60_TCP1,CTP_transf_1,DapB_C,DAP_epimerase,DUF1015,EF_TS,eIF-1a,G3P_acyltransf,GatB_N,GatC,GcpE,GrpE,GTP_cyclohydroI,Ham1p_like,Hpr_kinase_C,HrcA,IPPT,LptE,LpxB,LpxC,LpxK,Maf,MnmE_helical,MTHFR,NadA,NusG,OmpH,PdxJ,Peptidase_A8,Pept_tRNA_hydro,PGI,PGK,PgpA,Prenyltransf,QRPTase_C,Queuosine_synth,RapZ-like_N,RBFA,Ribosomal_L1,Ribosomal_L13,Ribosomal_L14,Ribosomal_L16,Ribosomal_L17,Ribosomal_L18p,Ribosomal_L20,Ribosomal_L21p,Ribosomal_L22,Ribosomal_L23,ribosomal_L24,Ribosomal_L27,Ribosomal_L28,Ribosomal_L29,Ribosomal_L3,Ribosomal_L32p,Ribosomal_L33,Ribosomal_L35p,Ribosomal_L4,Ribosomal_L6,Ribosomal_L9_C,Ribosomal_S10,Ribosomal_S11,Ribosomal_S13,Ribosomal_S15,Ribosomal_S17,Ribosomal_S19,Ribosomal_S2,Ribosomal_S20p,Ribosomal_S30AE,Ribosomal_S6,Ribosomal_S7,Ribosomal_S8,Ribosomal_S9,Ribosom_S12_S23,Ribul_P_3_epim,RNase_HII,RNA_pol_L,RRF,RsfS,RuvC,SecE,SecG,SecY,SHMT,SMC_ScpA,SMC_ScpB,SmpB,TGT,TIM,Transcrip_reg,tRNA-synt_1d,tRNA-synt_2c,tRNA-synt_2e,tRNA-synt_His,tRNA_m1G_MT,tRNA_synt_2f,TsaE,UPF0102,YajC,YbeY,YceG,YgbB	PF00022.27,PF01177.28,PF00137.27,PF02464.24,PF01121.27,PF00166.27,PF00118.30,PF01148.26,PF05173.20,PF01678.25,PF06245.17,PF00889.26,PF01176.27,PF02660.22,PF02934.21,PF02686.21,PF04551.20,PF01025.25,PF01227.28,PF01725.22,PF07475.18,PF01628.28,PF01715.24,PF04390.18,PF02684.22,PF03331.20,PF02606.21,PF02545.20,PF12631.13,PF02219.24,PF02445.22,PF02357.25,PF03938.20,PF03740.21,PF01252.24,PF01195.27,PF00342.25,PF00162.25,PF04608.19,PF01255.25,PF01729.26,PF02547.21,PF03668.22,PF02033.24,PF00687.27,PF00572.25,PF00238.25,PF00252.25,PF01196.25,PF00861.28,PF00453.24,PF00829.27,PF00237.25,PF00276.26,PF17136.11,PF01016.25,PF00830.25,PF00831.29,PF00297.29,PF01783.30,PF00471.27,PF01632.25,PF00573.28,PF00347.29,PF03948.20,PF00338.28,PF00411.25,PF00416.28,PF00312.28,PF00366.27,PF00203.27,PF00318.26,PF01649.24,PF02482.26,PF01250.23,PF00177.28,PF00410.25,PF00380.26,PF00164.32,PF00834.26,PF01351.26,PF01193.30,PF01765.25,PF02410.23,PF02075.24,PF00584.26,PF03840.21,PF00344.26,PF00464.26,PF02616.20,PF04079.23,PF01668.24,PF01702.26,PF00121.25,PF01709.27,PF00750.26,PF01411.25,PF02091.21,PF13393.12,PF01746.27,PF02092.23,PF02367.24,PF02021.24,PF02699.22,PF02130.25,PF02618.22,PF02542.22	9031bf812aeafb084d14c5daa351bc3e	Bacteria	Bacteria	r232	38.2	112	genus	2026-08-11
Fibrobacterota.hmm	https://doi.org/10.1093/bioinformatics/btz188	fibrobacterota	phylum	114	https://github.com/AstrobioMike/GToTree/releases/download/gtdb-scg-sets-r232/Fibrobacterota.hmm	5-FTHF_cyc-lig,Actin,Adenylsucc_synt,ADK,AdoHcyase,Arginosuc_syn_C,ArgJ,CoaE,CTP_transf_1,DapB_C,DciA,DFP,DHBP_synthase,DMRL_synthase,DUF2344,DUF4321,DUF4954,EF_TS,eIF-1a,Exonuc_VII_L,Exonuc_VII_S,FA_synthesis,GatB_N,GatC,GcpE,Ham1p_like,Histidinol_dh,IGPD,IGPS,ILVD_EDD_N,LpxB,LpxC,LpxK,Lum_binding,LYTB,Maf,MraZ,MreD,NadA,Pantoate_ligase,Pantoate_transf,Pan_kinase,PdxA,PdxJ,Peptidase_M17,Pept_tRNA_hydro,PGI,PGK,Polysacc_deac_2,PRAI,Prenyltransf,Queuosine_synth,RBFA,RecO_C,Ribosomal_L1,Ribosomal_L13,Ribosomal_L14,Ribosomal_L16,Ribosomal_L18p,Ribosomal_L19,Ribosomal_L20,Ribosomal_L21p,Ribosomal_L22,Ribosomal_L23,ribosomal_L24,Ribosomal_L27,Ribosomal_L28,Ribosomal_L29,Ribosomal_L3,Ribosomal_L35p,Ribosomal_L4,Ribosomal_L6,Ribosomal_L9_C,Ribosomal_S10,Ribosomal_S11,Ribosomal_S13,Ribosomal_S15,Ribosomal_S17,Ribosomal_S19,Ribosomal_S2,Ribosomal_S20p,Ribosomal_S21,Ribosomal_S6,Ribosomal_S7,Ribosomal_S8,Ribosomal_S9,Ribosom_S12_S23,RNA_pol_L,RRF,RsfS,RuvC,RuvX,SecG,SecY,SHMT,SMC_ScpB,SmpB,SurE,ThiC_Rad_SAM,TIM,Transcrip_reg,tRNA-synt_1d,tRNA-synt_2c,tRNA-synt_His,tRNA_m1G_MT,Trp_syntA,UPF0102,YajC,YbaB_DNA_bd,YbeY,YceD,YceG,YgbB,YicC-like_N	PF01812.28,PF00022.27,PF00709.28,PF00406.30,PF05221.24,PF20979.3,PF01960.24,PF01121.27,PF01148.26,PF05173.20,PF05258.18,PF04127.23,PF00926.25,PF00885.25,PF10105.15,PF14209.12,PF16314.12,PF00889.26,PF01176.27,PF02601.21,PF02609.22,PF02504.21,PF02934.21,PF02686.21,PF04551.20,PF01725.22,PF00815.26,PF00475.25,PF00218.29,PF00920.28,PF02684.22,PF03331.20,PF02606.21,PF00677.24,PF02401.24,PF02545.20,PF02381.24,PF04093.18,PF02445.22,PF02569.22,PF02548.22,PF03309.21,PF04166.18,PF03740.21,PF00883.27,PF01195.27,PF00342.25,PF00162.25,PF04748.19,PF00697.29,PF01255.25,PF02547.21,PF02033.24,PF02565.22,PF00687.27,PF00572.25,PF00238.25,PF00252.25,PF00861.28,PF01245.27,PF00453.24,PF00829.27,PF00237.25,PF00276.26,PF17136.11,PF01016.25,PF00830.25,PF00831.29,PF00297.29,PF01632.25,PF00573.28,PF00347.29,PF03948.20,PF00338.28,PF00411.25,PF00416.28,PF00312.28,PF00366.27,PF00203.27,PF00318.26,PF01649.24,PF01165.26,PF01250.23,PF00177.28,PF00410.25,PF00380.26,PF00164.32,PF01193.30,PF01765.25,PF02410.23,PF02075.24,PF03652.21,PF03840.21,PF00344.26,PF00464.26,PF04079.23,PF01668.24,PF01975.24,PF01964.25,PF00121.25,PF01709.27,PF00750.26,PF01411.25,PF13393.12,PF01746.27,PF00290.27,PF02021.24,PF02699.22,PF02575.23,PF02130.25,PF02620.23,PF02618.22,PF02542.22,PF03755.19	520d7ca0672579d25c64be7045d4d082	Bacteria	Bacteria	r232	38.2	52	genus	2026-08-11
Fidelibacterota.hmm	https://doi.org/10.1093/bioinformatics/btz188	fidelibacterota	phylum	116	https://github.com/AstrobioMike/GToTree/releases/download/gtdb-scg-sets-r232/Fidelibacterota.hmm	Adenylsucc_synt,ADK,AICARFT_IMPCHas,ATG22,ATP-synt_C,BacA,Carb_kinase,CinA,CoaE,Cpn60_TCP1,Cu-oxidase_4,Cytidylate_kin,DciA,DnaJ_C,DUF1751,DUF3467,DUF4835,dUTPase,EF_TS,eIF-1a,Enolase_C,Exonuc_VII_L,Exonuc_VII_S,FolB,GcpE,GrpE,Ham1p_like,HPPK,Lip_A_acyltrans,LptE,LpxB,LpxC,LpxK,Lyase_aromatic,LYTB,Maf,Methyltransf_5,MraZ,NDK,OMPdecase,OmpH,Peptidase_A8,Pept_tRNA_hydro,Pep_deformylase,PGK,PgpA,Prenyltransf,Queuosine_synth,RBFA,RecO_C,Ribonuc_red_lgC,Ribosomal_L1,Ribosomal_L13,Ribosomal_L14,Ribosomal_L16,Ribosomal_L17,Ribosomal_L18p,Ribosomal_L19,Ribosomal_L20,Ribosomal_L21p,Ribosomal_L22,Ribosomal_L23,ribosomal_L24,Ribosomal_L27,Ribosomal_L28,Ribosomal_L29,Ribosomal_L3,Ribosomal_L31,Ribosomal_L35p,Ribosomal_L4,Ribosomal_L6,Ribosomal_L9_C,Ribosomal_S10,Ribosomal_S11,Ribosomal_S13,Ribosomal_S15,Ribosomal_S17,Ribosomal_S19,Ribosomal_S2,Ribosomal_S20p,Ribosomal_S6,Ribosomal_S7,Ribosomal_S8,Ribosomal_S9,Ribosom_S12_S23,Ribul_P_3_epim,RNA_pol_L,RRF,RsfS,RuvC,SecG,SecY,SelA,SHMT,SMC_ScpA,SMC_ScpB,SmpB,SOR_SNZ,TatC,TatD_DNase,TGT,TIM,Topoisom_bac,Transcrip_reg,tRNA-synt_1d,tRNA-synt_His,tRNA_m1G_MT,TsaE,Tyr_Deacylase,YajC,YbaB_DNA_bd,YbeY,YceG,YgbB,YicC-like_N,ZapA	PF00709.28,PF00406.30,PF01808.25,PF11700.15,PF00137.27,PF02673.25,PF01256.23,PF02464.24,PF01121.27,PF00118.30,PF02578.22,PF02224.25,PF05258.18,PF01556.24,PF08551.17,PF11950.14,PF16119.11,PF00692.25,PF00889.26,PF01176.27,PF00113.29,PF02601.21,PF02609.22,PF02152.24,PF04551.20,PF01025.25,PF01725.22,PF01288.26,PF03279.19,PF04390.18,PF02684.22,PF03331.20,PF02606.21,PF00221.25,PF02401.24,PF02545.20,PF01795.26,PF02381.24,PF00334.25,PF00215.31,PF03938.20,PF01252.24,PF01195.27,PF01327.27,PF00162.25,PF04608.19,PF01255.25,PF02547.21,PF02033.24,PF02565.22,PF02867.21,PF00687.27,PF00572.25,PF00238.25,PF00252.25,PF01196.25,PF00861.28,PF01245.27,PF00453.24,PF00829.27,PF00237.25,PF00276.26,PF17136.11,PF01016.25,PF00830.25,PF00831.29,PF00297.29,PF01197.24,PF01632.25,PF00573.28,PF00347.29,PF03948.20,PF00338.28,PF00411.25,PF00416.28,PF00312.28,PF00366.27,PF00203.27,PF00318.26,PF01649.24,PF01250.23,PF00177.28,PF00410.25,PF00380.26,PF00164.32,PF00834.26,PF01193.30,PF01765.25,PF02410.23,PF02075.24,PF03840.21,PF00344.26,PF03841.20,PF00464.26,PF02616.20,PF04079.23,PF01668.24,PF01680.24,PF00902.24,PF01026.28,PF01702.26,PF00121.25,PF01131.26,PF01709.27,PF00750.26,PF13393.12,PF01746.27,PF02367.24,PF02580.23,PF02699.22,PF02575.23,PF02130.25,PF02618.22,PF02542.22,PF03755.19,PF05164.19	fbaf901a056c4fa25e2e484afad4f5aa	Bacteria	Bacteria	r232	38.2	89	genus	2026-08-11
Fusobacteriota.hmm	https://doi.org/10.1093/bioinformatics/btz188	fusobacteriota	phylum	129	https://github.com/AstrobioMike/GToTree/releases/download/gtdb-scg-sets-r232/Fusobacteriota.hmm	Adenylsucc_synt,ADK,Amidase,Asp23,ATP-synt,ATP-synt_A,ATP-synt_B,ATP-synt_DE_N,BacA,CoaE,Colicin_V,Cpn60_TCP1,Cu-oxidase_4,Cytidylate_kin,DegV,DHFR_1,DivIC,DnaJ_C,DUF34_NIF3,DUF4911,EF_TS,eIF-1a,Enolase_C,Exonuc_VII_L,Exonuc_VII_S,FTHFS,G3P_acyltransf,GatB_N,GatC,GrpE,HrcA,HSP33,IPPT,Methyltransf_3,Methyltransf_5,Methyltrans_RNA,Methyltrn_RNA_4,MnmE_helical,NFACT_N,NifU_N,NusG,Ogg-HhH,OSCP,Peptidase_A8,Peptidase_Prp,Pept_tRNA_hydro,Pep_deformylase,PGI,PGK,PK,Prenyltransf,QueH,Queuosine_synth,RapZ-like_N,RBFA,Ribonuclease_P,Ribosomal_L1,Ribosomal_L13,Ribosomal_L14,Ribosomal_L16,Ribosomal_L17,Ribosomal_L18p,Ribosomal_L19,Ribosomal_L20,Ribosomal_L21p,Ribosomal_L22,Ribosomal_L23,ribosomal_L24,Ribosomal_L27,Ribosomal_L28,Ribosomal_L29,Ribosomal_L3,Ribosomal_L31,Ribosomal_L32p,Ribosomal_L34,Ribosomal_L35p,Ribosomal_L4,Ribosomal_L6,Ribosomal_L9_C,Ribosomal_S10,Ribosomal_S11,Ribosomal_S13,Ribosomal_S14,Ribosomal_S15,Ribosomal_S17,Ribosomal_S19,Ribosomal_S2,Ribosomal_S20p,Ribosomal_S30AE,Ribosomal_S6,Ribosomal_S7,Ribosomal_S8,Ribosomal_S9,Ribosom_S12_S23,Ribul_P_3_epim,RNase_HII,RNA_pol_L,RRF,RuvC,RuvX,S4_2,SecE,SecG,SecY,SMC_ScpA,SMC_ScpB,SmpB,SPOUT_MTase,Sua5_yciO_yrdC,TGT,TIM,Transcrip_reg,tRNA-synt_1c,tRNA-synt_1d,tRNA-synt_2c,tRNA-synt_2e,tRNA_m1G_MT,tRNA_synt_2f,TsaE,Tyr_Deacylase,UPF0122,UPRTase,YajC,YbaB_DNA_bd,YbeY,YceG,YidD,YlxR,YmdB	PF00709.28,PF00406.30,PF01425.27,PF03780.20,PF00231.25,PF00119.26,PF00430.24,PF02823.23,PF02673.25,PF01121.27,PF02674.23,PF00118.30,PF02578.22,PF02224.25,PF02645.22,PF00186.25,PF04977.21,PF01556.24,PF01784.25,PF16256.11,PF00889.26,PF01176.27,PF00113.29,PF02601.21,PF02609.22,PF01268.26,PF02660.22,PF02934.21,PF02686.21,PF01025.25,PF01628.28,PF01430.25,PF01715.24,PF01596.24,PF01795.26,PF04452.20,PF09936.15,PF12631.13,PF05833.17,PF01592.22,PF02357.25,PF22175.3,PF00213.24,PF01252.24,PF04327.18,PF01195.27,PF01327.27,PF00342.25,PF00162.25,PF00224.28,PF01255.25,PF02677.21,PF02547.21,PF03668.22,PF02033.24,PF00825.25,PF00687.27,PF00572.25,PF00238.25,PF00252.25,PF01196.25,PF00861.28,PF01245.27,PF00453.24,PF00829.27,PF00237.25,PF00276.26,PF17136.11,PF01016.25,PF00830.25,PF00831.29,PF00297.29,PF01197.24,PF01783.30,PF00468.23,PF01632.25,PF00573.28,PF00347.29,PF03948.20,PF00338.28,PF00411.25,PF00416.28,PF00253.28,PF00312.28,PF00366.27,PF00203.27,PF00318.26,PF01649.24,PF02482.26,PF01250.23,PF00177.28,PF00410.25,PF00380.26,PF00164.32,PF00834.26,PF01351.26,PF01193.30,PF01765.25,PF02075.24,PF03652.21,PF13275.12,PF00584.26,PF03840.21,PF00344.26,PF02616.20,PF04079.23,PF01668.24,PF02590.23,PF01300.25,PF01702.26,PF00121.25,PF01709.27,PF00749.28,PF00750.26,PF01411.25,PF02091.21,PF01746.27,PF02092.23,PF02367.24,PF02580.23,PF04297.21,PF14681.13,PF02699.22,PF02575.23,PF02130.25,PF02618.22,PF01809.25,PF04296.19,PF13277.12	d37b28702b7e5ab0cce44c310fa5a79f	Bacteria	Bacteria	r232	38.2	142	species	2026-08-11
Gammaproteobacteria.hmm	https://doi.org/10.1093/bioinformatics/btz188	gammaproteobacteria	class	108	https://github.com/AstrobioMike/GToTree/releases/download/gtdb-scg-sets-r232/Gammaproteobacteria.hmm	Actin,Adenylsucc_synt,AICARFT_IMPCHas,ALAD,Chorismate_synt,CoaE,Colicin_V,Cpn10,DapB_C,DAP_epimerase,DFP,DHFR_1,DivIC,DMRL_synthase,EF_TS,Exonuc_VII_L,Exonuc_VII_S,Ferrochelatase,FtsL,GidB,GrpE,Ham1p_like,IPPT,LolB,LpxB,LpxC,LpxK,Methyltransf_5,MnmE_helical,MreD,NDK,OSCP,Peptidase_A8,Pept_tRNA_hydro,PGK,Porphobil_deam,Prenyltransf,Queuosine_synth,RBFA,RecO_C,Ribosomal_L1,Ribosomal_L13,Ribosomal_L14,Ribosomal_L16,Ribosomal_L17,Ribosomal_L18p,Ribosomal_L19,Ribosomal_L20,Ribosomal_L21p,Ribosomal_L22,Ribosomal_L23,ribosomal_L24,Ribosomal_L27,Ribosomal_L28,Ribosomal_L29,Ribosomal_L3,Ribosomal_L31,Ribosomal_L32p,Ribosomal_L33,Ribosomal_L35p,Ribosomal_L4,Ribosomal_L6,Ribosomal_L9_C,Ribosomal_S10,Ribosomal_S11,Ribosomal_S13,Ribosomal_S14,Ribosomal_S15,Ribosomal_S17,Ribosomal_S19,Ribosomal_S2,Ribosomal_S20p,Ribosomal_S21,Ribosomal_S6,Ribosomal_S7,Ribosomal_S8,Ribosomal_S9,Ribosom_S12_S23,Rib_5-P_isom_A,RNase_HII,RNA_pol_L,RNA_pol_Rpb6,RRF,RsfS,RuvC,RuvX,SAICAR_synt,Sdh5,SecB,SecE,SecG,SecY,SmpB,SPOUT_MTase,SspB,TGT,Thymidylat_synt,TIM,Trm112p,tRNA-synt_1d,tRNA-synt_2e,tRNA_m1G_MT,tRNA_synt_2f,YajC,YbaB_DNA_bd,YbeY,YceG,ZapA	PF00022.27,PF00709.28,PF01808.25,PF00490.28,PF01264.27,PF01121.27,PF02674.23,PF00166.27,PF05173.20,PF01678.25,PF04127.23,PF00186.25,PF04977.21,PF00885.25,PF00889.26,PF02601.21,PF02609.22,PF00762.25,PF04999.19,PF02527.22,PF01025.25,PF01725.22,PF01715.24,PF03550.22,PF02684.22,PF03331.20,PF02606.21,PF01795.26,PF12631.13,PF04093.18,PF00334.25,PF00213.24,PF01252.24,PF01195.27,PF00162.25,PF01379.26,PF01255.25,PF02547.21,PF02033.24,PF02565.22,PF00687.27,PF00572.25,PF00238.25,PF00252.25,PF01196.25,PF00861.28,PF01245.27,PF00453.24,PF00829.27,PF00237.25,PF00276.26,PF17136.11,PF01016.25,PF00830.25,PF00831.29,PF00297.29,PF01197.24,PF01783.30,PF00471.27,PF01632.25,PF00573.28,PF00347.29,PF03948.20,PF00338.28,PF00411.25,PF00416.28,PF00253.28,PF00312.28,PF00366.27,PF00203.27,PF00318.26,PF01649.24,PF01165.26,PF01250.23,PF00177.28,PF00410.25,PF00380.26,PF00164.32,PF06026.21,PF01351.26,PF01193.30,PF01192.28,PF01765.25,PF02410.23,PF02075.24,PF03652.21,PF01259.25,PF03937.22,PF02556.20,PF00584.26,PF03840.21,PF00344.26,PF01668.24,PF02590.23,PF04386.19,PF01702.26,PF00303.25,PF00121.25,PF03966.23,PF00750.26,PF02091.21,PF01746.27,PF02092.23,PF02699.22,PF02575.23,PF02130.25,PF02618.22,PF05164.19	5105e33c14783924a8ccf8bd3ee4e7e7	Bacteria	Pseudomonadota	r232	38.2	2550	genus	2026-08-11
Gemmatimonadota.hmm	https://doi.org/10.1093/bioinformatics/btz188	gemmatimonadota	phylum	129	https://github.com/AstrobioMike/GToTree/releases/download/gtdb-scg-sets-r232/Gemmatimonadota.hmm	Actin,Adenylsucc_synt,ADK,AdoHcyase,AICARFT_IMPCHas,ATP-gua_Ptrans,ATP-synt,ATP-synt_A,ATP-synt_B,BacA,BFN_dom,CcmB,CcmE,Chorismate_synt,CinA,Cob_adeno_trans,CTP_transf_1,Cu-oxidase_4,DAP_epimerase,DciA,DFP,DHBP_synthase,DHquinase_II,DMRL_synthase,EF_TS,EII-Sor,EIID-AGA,Enolase_C,Exonuc_VII_L,Exonuc_VII_S,FA_synthesis,G3P_acyltransf,GcpE,GrpE,Ham1p_like,Hpr_kinase_C,HrcA,IGPS,IPPT,LolA,LpxB,LpxC,LpxK,Lum_binding,LYTB,Maf,Methyltransf_5,MoaC,MoaE,NDK,OMPdecase,OSCP,PdxA,PdxJ,Peptidase_M17,Pept_tRNA_hydro,PGI,PGK,Proteasome,PTSIIB_sorb,Queuosine_synth,RBFA,RecO_C,Ribosomal_L13,Ribosomal_L14,Ribosomal_L16,Ribosomal_L17,Ribosomal_L18p,Ribosomal_L19,Ribosomal_L20,Ribosomal_L21p,Ribosomal_L22,Ribosomal_L23,ribosomal_L24,Ribosomal_L27,Ribosomal_L28,Ribosomal_L29,Ribosomal_L3,Ribosomal_L31,Ribosomal_L35p,Ribosomal_L4,Ribosomal_L6,Ribosomal_L9_C,Ribosomal_S10,Ribosomal_S11,Ribosomal_S13,Ribosomal_S14,Ribosomal_S15,Ribosomal_S17,Ribosomal_S19,Ribosomal_S2,Ribosomal_S20p,Ribosomal_S6,Ribosomal_S7,Ribosomal_S8,Ribosomal_S9,Ribul_P_3_epim,RNase_HII,RNA_pol_L,Rossmann-like_BshC,RRF,RsfS,RuvC,RuvX,SAICAR_synt,SecG,SecY,SHMT,SMC_ScpA,SMC_ScpB,SmpB,SPOUT_MTase,TatC,TGT,TIM,Transcrip_reg,tRNA-synt_1d,tRNA_m1G_MT,TsaE,Tyr_Deacylase,UPF0102,YajC,YbaB_DNA_bd,YbeY,YceD,YceG,YgbB,YicC-like_N,ZapA	PF00022.27,PF00709.28,PF00406.30,PF05221.24,PF01808.25,PF00217.25,PF00231.25,PF00119.26,PF00430.24,PF02673.25,PF02577.20,PF03379.21,PF03100.23,PF01264.27,PF02464.24,PF01923.24,PF01148.26,PF02578.22,PF01678.25,PF05258.18,PF04127.23,PF00926.25,PF01220.26,PF00885.25,PF00889.26,PF03609.20,PF03613.20,PF00113.29,PF02601.21,PF02609.22,PF02504.21,PF02660.22,PF04551.20,PF01025.25,PF01725.22,PF07475.18,PF01628.28,PF00218.29,PF01715.24,PF03548.23,PF02684.22,PF03331.20,PF02606.21,PF00677.24,PF02401.24,PF02545.20,PF01795.26,PF01967.28,PF02391.23,PF00334.25,PF00215.31,PF00213.24,PF04166.18,PF03740.21,PF00883.27,PF01195.27,PF00342.25,PF00162.25,PF00227.32,PF03830.22,PF02547.21,PF02033.24,PF02565.22,PF00572.25,PF00238.25,PF00252.25,PF01196.25,PF00861.28,PF01245.27,PF00453.24,PF00829.27,PF00237.25,PF00276.26,PF17136.11,PF01016.25,PF00830.25,PF00831.29,PF00297.29,PF01197.24,PF01632.25,PF00573.28,PF00347.29,PF03948.20,PF00338.28,PF00411.25,PF00416.28,PF00253.28,PF00312.28,PF00366.27,PF00203.27,PF00318.26,PF01649.24,PF01250.23,PF00177.28,PF00410.25,PF00380.26,PF00834.26,PF01351.26,PF01193.30,PF10079.16,PF01765.25,PF02410.23,PF02075.24,PF03652.21,PF01259.25,PF03840.21,PF00344.26,PF00464.26,PF02616.20,PF04079.23,PF01668.24,PF02590.23,PF00902.24,PF01702.26,PF00121.25,PF01709.27,PF00750.26,PF01746.27,PF02367.24,PF02580.23,PF02021.24,PF02699.22,PF02575.23,PF02130.25,PF02620.23,PF02618.22,PF02542.22,PF03755.19,PF05164.19	813143fcaf4024f7ff6649785f8acd7f	Bacteria	Bacteria	r232	38.2	267	genus	2026-08-11
Halobacteriota.hmm	https://doi.org/10.1093/bioinformatics/btz188	halobacteriota	phylum	112	https://github.com/AstrobioMike/GToTree/releases/download/gtdb-scg-sets-r232/Halobacteriota.hmm	ACT_5,Adenylsucc_synt,ALAD,Archease,Arginosuc_syn_C,CarS-like,CGI-121,Chorismate_synt,CitG,CobD_Cbib,CobS,CofC,CofD,CPxCG_zf,CTP-dep_RFKase,DapB_C,DFP,DHNA,Diphthamide_syn,dsDNA_bind,DUF2150,DUF2240,DUF357,DUF359,DUF424,DUF447_N,DUF5611,DUF655,DUF92,eIF-6,EMC3_TMCO1,EMC6_arch,Endo_dU,EPSP_synthase,GatC,GCHY-1,Ham1p_like,HEM4,HMG-CoA_red,IGPD,ILVD_EDD_N,MCH,Methyltrn_RNA_2,MoaC,NDK,NFACT_N,OapB,OapC,PDT,PIN_9,Porphobil_deam,PPS_PS,PRAI,PTH2,PurS,PyrI,Ribosomal_L1,Ribosomal_L13,Ribosomal_L14,Ribosomal_L15e,Ribosomal_L16,Ribosomal_L21e,Ribosomal_L22,Ribosomal_L23,Ribosomal_L26,Ribosomal_L29,Ribosomal_L3,Ribosomal_L31e,Ribosomal_L32e,Ribosomal_L37ae,Ribosomal_L4,Ribosomal_L44,Ribosomal_L5e,Ribosomal_L6,Ribosomal_S11,Ribosomal_S13,Ribosomal_S15,Ribosomal_S17,Ribosomal_S17e,Ribosomal_S19,Ribosomal_S19e,Ribosomal_S2,Ribosomal_S24e,Ribosomal_S27e,Ribosomal_S28e,Ribosomal_S3Ae,Ribosomal_S7,Ribosomal_S8,Ribosomal_S8e,Ribosomal_S9,Ribosom_S12_S23,Rib_5-P_isom_A,RNase_HII,RNase_P_p30,RNase_P_Rpp14,RNA_pol_N,RNA_pol_Rpb4,RNA_pol_Rpb6,SAICAR_synt,SecY,SMC_ScpA,SOR_SNZ,SPP,Spt4,TIM,Trm56,tRNA-synt_1c,tRNA-synt_1d,tRNA-synt_His,tRNA_deacylase,TruD,UPF0179	PF13710.13,PF00709.28,PF00490.28,PF01951.22,PF20979.3,PF01864.22,PF08617.16,PF01264.27,PF01874.23,PF03186.19,PF02654.22,PF01983.22,PF01933.24,PF19769.5,PF01982.23,PF05173.20,PF04127.23,PF04038.18,PF01866.23,PF01984.26,PF09920.15,PF09999.15,PF04010.19,PF04019.18,PF04242.19,PF04289.19,PF18446.8,PF04919.19,PF01940.22,PF01912.25,PF01956.22,PF19094.6,PF01949.24,PF00275.26,PF02686.21,PF02649.20,PF01725.22,PF02602.21,PF00368.24,PF00475.25,PF00920.28,PF02289.22,PF04013.18,PF01967.28,PF00334.25,PF05833.17,PF09846.15,PF09845.15,PF00800.24,PF18477.8,PF01379.26,PF02006.24,PF00697.29,PF01981.22,PF02700.21,PF01948.24,PF00687.27,PF00572.25,PF00238.25,PF00827.23,PF00252.25,PF01157.25,PF00237.25,PF00276.26,PF16906.12,PF00831.29,PF00297.29,PF01198.25,PF01655.24,PF01780.26,PF00573.28,PF00935.26,PF17144.10,PF00347.29,PF00411.25,PF00416.28,PF00312.28,PF00366.27,PF00833.24,PF00203.27,PF01090.26,PF00318.26,PF01282.26,PF01667.24,PF01200.25,PF01015.24,PF00177.28,PF00410.25,PF01201.28,PF00380.26,PF00164.32,PF06026.21,PF01351.26,PF01876.24,PF01900.25,PF01194.23,PF03874.22,PF01192.28,PF01259.25,PF00344.26,PF02616.20,PF01680.24,PF06550.16,PF06093.20,PF00121.25,PF01994.22,PF00749.28,PF00750.26,PF13393.12,PF04414.19,PF01142.24,PF03684.19	552e04cf0330e3b6686b7415caee4350	Archaea	Archaea	r232	38.2	225	genus	2026-08-11
Methanobacteriota.hmm	https://doi.org/10.1093/bioinformatics/btz188	methanobacteriota	phylum	221	https://github.com/AstrobioMike/GToTree/releases/download/gtdb-scg-sets-r232/Methanobacteriota.hmm	2-Hacid_dh,2-ph_phosp,2_5_RNA_ligase2,4HFCP_synth,Actin,ACT_5,acVLRF1,Adenylsucc_synt,AdoHcyase,ALAD,Aldedh,Alpha_Helical,Amidase,Aminotran_4,AMMECR1,Archease,Arginosuc_syn_C,ArgJ,ARMT1-like_dom,ATP-synt_C,ATP-synt_D,ATP-synt_F,BcrAD_BadFG,BioY,Carb_kinase,CarS-like,CbiC,CbiJ,CGI-121,Chorismate_bind,Chorismate_bind_2,Chorismate_synt,CitG,CobD_Cbib,CobS,CofC,CofD,ComA,CPxCG_zf,Creatininase,CTP-dep_RFKase,CYTH,Cytidylate_kin,Cytidylate_kin2,DAP_epimerase,DCD_C,Desulfoferrodox,DFP,DHBP_synthase,DHDPS,DHNA,Diphthamide_syn,DnaJ_C,DS,dsDNA_bind,DUF123,DUF1297,DUF1611,DUF1699_N,DUF1786,DUF1890,DUF1894,DUF192,DUF1922,DUF2070,DUF2096_N,DUF2102,DUF2113,DUF2114,DUF2116,DUF2117,DUF2120,DUF3194,DUF356,DUF357,DUF359,DUF366,DUF371,DUF515,DUF530,DUF5612,DUF5750,DUF7121,DUF749,DUF92,EhaB,EhaD,EhaE,EhaF,EhaG,EhaL,EhaM,Ehbp,eIF-1a,eIF-6,EMC3_TMCO1,EMC6_arch,EPSP_synthase,FBPase_3,FtsA,GCHY-1,GCH_III,Glycos_transf_3,GrpE,Ham1p_like,HEM4,Histidinol_dh,HMG-CoA_red,HupF_HypC,HypA,HypD,IF-2B,IGPD,IGPS,ILVD_EDD_N,IMP_cyclohyd,Inositol_P,jr-ZPR1,Ldh_2,LigT_PEase,MCH,Memo,Metallophos_3,Methyltrn_RNA_3,Meth_synt_2,MJ1308,MmgE_PrpD_N,MNHE,MoaC,NadA,NDK,NFACT_N,NiFe_hyd_3_EhaA,Nop10p,NRD1_2,NRDD,Nre_N,NurA,Orn_Arg_deC_N,Orn_DAP_Arg_deC,Oxidored_q2,PDT,PGK,PIN_9,PNP_UDP_1,polyprenyl_synt,Porphobil_deam,PPS_PS,Prok-JAB,PTH2,PTPS,PurS,PvlArgDC,PyrI,Rad9,Ribosomal_aS21,Ribosomal_L1,Ribosomal_L13,Ribosomal_L14,Ribosomal_L15e,Ribosomal_L16,Ribosomal_L18,Ribosomal_L18A,Ribosomal_L21e,Ribosomal_L22,Ribosomal_L23,Ribosomal_L26,Ribosomal_L3,Ribosomal_L31e,Ribosomal_L34e,Ribosomal_L37ae,Ribosomal_L4,Ribosomal_L44,Ribosomal_S10,Ribosomal_S11,Ribosomal_S13,Ribosomal_S15,Ribosomal_S17e,Ribosomal_S19,Ribosomal_S19e,Ribosomal_S2,Ribosomal_S24e,Ribosomal_S27e,Ribosomal_S28e,Ribosomal_S3Ae,Ribosomal_S7,Ribosomal_S8e,Ribosomal_S9,Ribosom_S12_S23,Rib_5-P_isom_A,RNase_P_p30,RNase_P_Rpp14,RNA_pol_Rpb4,RNA_pol_Rpb6,RraA-like,RtcB,SAICAR_synt,SecE,SecY,SHMT,Spt4,SUFBD_core,TctA,Thiolase_N,Topoisom_bac,TraB_PrgY_gumN,Trm56,tRNA-synt_1c,tRNA-synt_1d,tRNA-synt_2c,tRNA-synt_His,TruD,UCP005278,UPF0146,UPF0147,UPF0179,vATP-synt_AC39,vATP-synt_E,V_ATPase_I,YcaO,zf-like	PF00389.37,PF04029.20,PF13563.13,PF04476.20,PF00022.27,PF13710.13,PF18859.7,PF00709.28,PF05221.24,PF00490.28,PF00171.28,PF18489.8,PF01425.27,PF01063.25,PF01871.23,PF01951.22,PF20979.3,PF01960.24,PF01937.25,PF00137.27,PF01813.23,PF01990.23,PF01869.27,PF02632.21,PF01256.23,PF01864.22,PF02570.21,PF02571.21,PF08617.16,PF00425.26,PF30495.1,PF01264.27,PF01874.23,PF03186.19,PF02654.22,PF01983.22,PF01933.24,PF02679.22,PF19769.5,PF02633.20,PF01982.23,PF01928.27,PF02224.25,PF13189.13,PF01678.25,PF22569.2,PF01880.25,PF04127.23,PF00926.25,PF00701.29,PF04038.18,PF01866.23,PF01556.24,PF01916.24,PF01984.26,PF01986.24,PF06973.18,PF07755.18,PF28505.1,PF08735.16,PF09001.18,PF08979.18,PF02643.22,PF09082.16,PF09843.15,PF23100.2,PF09875.16,PF09886.16,PF09887.17,PF09889.17,PF09890.15,PF09893.15,PF11419.14,PF04009.19,PF04010.19,PF04019.18,PF04017.18,PF04027.19,PF04415.18,PF04409.19,PF18462.8,PF19024.6,PF23435.3,PF05370.17,PF01940.22,PF26645.2,PF09881.15,PF09880.15,PF09879.16,PF09878.15,PF09877.15,PF09218.17,PF10622.15,PF01176.27,PF01912.25,PF01956.22,PF19094.6,PF00275.26,PF01950.22,PF14450.13,PF02649.20,PF05165.18,PF00591.28,PF01025.25,PF01725.22,PF02602.21,PF00815.26,PF00368.24,PF01455.24,PF01155.26,PF01924.22,PF01008.24,PF00475.25,PF00218.29,PF00920.28,PF07826.17,PF00459.31,PF22794.2,PF02615.20,PF02834.23,PF02289.22,PF01875.24,PF14582.12,PF02598.23,PF01717.25,PF27305.1,PF03972.20,PF01899.22,PF01967.28,PF02445.22,PF00334.25,PF05833.17,PF17367.8,PF04135.19,PF01995.22,PF13597.12,PF04894.18,PF09376.17,PF02784.23,PF00278.29,PF00420.30,PF00800.24,PF00162.25,PF18477.8,PF01048.27,PF00348.23,PF01379.26,PF02006.24,PF14464.12,PF01981.22,PF01242.25,PF02700.21,PF01862.23,PF01948.24,PF04139.19,PF07754.18,PF00687.27,PF00572.25,PF00238.25,PF00827.23,PF00252.25,PF17135.10,PF01775.23,PF01157.25,PF00237.25,PF00276.26,PF16906.12,PF00297.29,PF01198.25,PF01199.24,PF01780.26,PF00573.28,PF00935.26,PF00338.28,PF00411.25,PF00416.28,PF00312.28,PF00833.24,PF00203.27,PF01090.26,PF00318.26,PF01282.26,PF01667.24,PF01200.25,PF01015.24,PF00177.28,PF01201.28,PF00380.26,PF00164.32,PF06026.21,PF01876.24,PF01900.25,PF03874.22,PF01192.28,PF03737.22,PF01139.23,PF01259.25,PF00584.26,PF00344.26,PF00464.26,PF06093.20,PF01458.24,PF01970.22,PF00108.30,PF01131.26,PF01963.23,PF01994.22,PF00749.28,PF00750.26,PF01411.25,PF13393.12,PF01142.24,PF27658.1,PF03686.20,PF03685.20,PF03684.19,PF01992.22,PF01991.24,PF01496.25,PF02624.22,PF04071.18	10ae55f50dc3ad2bd22a6b5a10a44f09	Archaea	Archaea	r232	38.2	224	species	2026-08-11
Micrarchaeota.hmm	https://doi.org/10.1093/bioinformatics/btz188	micrarchaeota	phylum	76	https://github.com/AstrobioMike/GToTree/releases/download/gtdb-scg-sets-r232/Micrarchaeota.hmm	Archease,CarS-like,Cpn60_TCP1,dsDNA_bind,DUF2070,DUF373,DUF424,DUF655,DUF92,eIF-1a,eIF-6,Fibrillarin,GCD14,Hjc,MJ0538,NDK,NFACT_N,NifU_N,Nre_N,PcrB,PIN_9,Prefoldin_2,Prenyltransf,PTH2,Rad51,Ribosomal_L1,Ribosomal_L13,Ribosomal_L14,Ribosomal_L15e,Ribosomal_L16,Ribosomal_L21e,Ribosomal_L22,Ribosomal_L23,Ribosomal_L26,Ribosomal_L3,Ribosomal_L32e,Ribosomal_L37ae,Ribosomal_L39,Ribosomal_L4,Ribosomal_L44,Ribosomal_L5e,Ribosomal_L6,Ribosomal_S10,Ribosomal_S11,Ribosomal_S13,Ribosomal_S15,Ribosomal_S17,Ribosomal_S19,Ribosomal_S19e,Ribosomal_S2,Ribosomal_S24e,Ribosomal_S28e,Ribosomal_S3Ae,Ribosomal_S7,Ribosomal_S8,Ribosomal_S8e,Ribosomal_S9,Ribosom_S12_S23,RNase_HII,RNA_pol_N,RNA_pol_Rpb6,RtcB,SecY,SMC_ScpA,SMC_ScpB,SPP,Spt4,TatD_DNase,Topoisom_bac,TRM,tRNA-synt_1c,tRNA-synt_1d,tRNA-synt_His,TruD,TsaD,UPF0147	PF01951.22,PF01864.22,PF00118.30,PF01984.26,PF09843.15,PF04123.19,PF04242.19,PF04919.19,PF01940.22,PF01176.27,PF01912.25,PF01269.24,PF08704.17,PF01870.26,PF27325.1,PF00334.25,PF05833.17,PF01592.22,PF04894.18,PF01884.24,PF18477.8,PF01920.26,PF01255.25,PF01981.22,PF08423.18,PF00687.27,PF00572.25,PF00238.25,PF00827.23,PF00252.25,PF01157.25,PF00237.25,PF00276.26,PF16906.12,PF00297.29,PF01655.24,PF01780.26,PF00832.26,PF00573.28,PF00935.26,PF17144.10,PF00347.29,PF00338.28,PF00411.25,PF00416.28,PF00312.28,PF00366.27,PF00203.27,PF01090.26,PF00318.26,PF01282.26,PF01200.25,PF01015.24,PF00177.28,PF00410.25,PF01201.28,PF00380.26,PF00164.32,PF01351.26,PF01194.23,PF01192.28,PF01139.23,PF00344.26,PF02616.20,PF04079.23,PF06550.16,PF06093.20,PF01026.28,PF01131.26,PF02005.23,PF00749.28,PF00750.26,PF13393.12,PF01142.24,PF00814.32,PF03685.20	c9a7bb9cc97bb556c378d92dd851ef3b	Archaea	Archaea	r232	38.2	93	genus	2026-08-11
Myxococcota.hmm	https://doi.org/10.1093/bioinformatics/btz188	myxococcota	phylum	86	https://github.com/AstrobioMike/GToTree/releases/download/gtdb-scg-sets-r232/Myxococcota.hmm	ADK,ATP-synt,ATP-synt_A,BacA,CTP_transf_1,Cu-oxidase_4,DapB_C,DAP_epimerase,DFP,DMRL_synthase,DUF507,dUTPase,EF_TS,eIF-1a,Enolase_C,Exonuc_VII_L,Exonuc_VII_S,GidB,HPPK,Lum_binding,Methyltransf_5,MraZ,NDK,OSCP,Pantoate_ligase,PdxJ,Pept_tRNA_hydro,PGK,Prenyltransf,RapZ-like_N,RecO_C,Ribosomal_L1,Ribosomal_L13,Ribosomal_L14,Ribosomal_L16,Ribosomal_L17,Ribosomal_L18p,Ribosomal_L19,Ribosomal_L20,Ribosomal_L21p,Ribosomal_L22,Ribosomal_L23,ribosomal_L24,Ribosomal_L27,Ribosomal_L28,Ribosomal_L29,Ribosomal_L3,Ribosomal_L31,Ribosomal_L35p,Ribosomal_L4,Ribosomal_L6,Ribosomal_L9_C,Ribosomal_S10,Ribosomal_S11,Ribosomal_S13,Ribosomal_S14,Ribosomal_S15,Ribosomal_S17,Ribosomal_S19,Ribosomal_S2,Ribosomal_S20p,Ribosomal_S21,Ribosomal_S6,Ribosomal_S7,Ribosomal_S8,Ribosomal_S9,Ribosom_S12_S23,Ribul_P_3_epim,RNase_HII,RNA_pol_L,RNA_pol_Rpb6,RRF,RsfS,RuvC,SecE,SecG,SHMT,SmpB,T2SSJ,TatC,TIM,tRNA_m1G_MT,UPF0102,YajC,YbeY,YceD	PF00406.30,PF00231.25,PF00119.26,PF02673.25,PF01148.26,PF02578.22,PF05173.20,PF01678.25,PF04127.23,PF00885.25,PF04368.19,PF00692.25,PF00889.26,PF01176.27,PF00113.29,PF02601.21,PF02609.22,PF02527.22,PF01288.26,PF00677.24,PF01795.26,PF02381.24,PF00334.25,PF00213.24,PF02569.22,PF03740.21,PF01195.27,PF00162.25,PF01255.25,PF03668.22,PF02565.22,PF00687.27,PF00572.25,PF00238.25,PF00252.25,PF01196.25,PF00861.28,PF01245.27,PF00453.24,PF00829.27,PF00237.25,PF00276.26,PF17136.11,PF01016.25,PF00830.25,PF00831.29,PF00297.29,PF01197.24,PF01632.25,PF00573.28,PF00347.29,PF03948.20,PF00338.28,PF00411.25,PF00416.28,PF00253.28,PF00312.28,PF00366.27,PF00203.27,PF00318.26,PF01649.24,PF01165.26,PF01250.23,PF00177.28,PF00410.25,PF00380.26,PF00164.32,PF00834.26,PF01351.26,PF01193.30,PF01192.28,PF01765.25,PF02410.23,PF02075.24,PF00584.26,PF03840.21,PF00464.26,PF01668.24,PF11612.15,PF00902.24,PF00121.25,PF01746.27,PF02021.24,PF02699.22,PF02130.25,PF02620.23	0f2a41a7ed1baea99285bbbad62e4789	Bacteria	Bacteria	r232	38.2	129	genus	2026-08-11
Myxococcota_A.hmm	https://doi.org/10.1093/bioinformatics/btz188	myxococcota_a	phylum	83	https://github.com/AstrobioMike/GToTree/releases/download/gtdb-scg-sets-r232/Myxococcota_A.hmm	ALAD,Chorismate_synt,CinA,CTP_transf_1,DapB_C,DAP_epimerase,DFP,DMRL_synthase,DUF1844,EF_TS,Enolase_C,Exonuc_VII_L,Exonuc_VII_S,GidB,HPPK,IPPT,Lum_binding,Methyltransf_5,NadA,NDK,OMPdecase,OSCP,Pantoate_ligase,Pantoate_transf,Pan_kinase,Pept_tRNA_hydro,Porphobil_deam,RecO_C,Ribosomal_L13,Ribosomal_L14,Ribosomal_L16,Ribosomal_L17,Ribosomal_L18p,Ribosomal_L19,Ribosomal_L20,Ribosomal_L21p,Ribosomal_L22,Ribosomal_L23,ribosomal_L24,Ribosomal_L27,Ribosomal_L28,Ribosomal_L29,Ribosomal_L3,Ribosomal_L31,Ribosomal_L32p,Ribosomal_L35p,Ribosomal_L4,Ribosomal_L6,Ribosomal_L9_C,Ribosomal_S10,Ribosomal_S11,Ribosomal_S13,Ribosomal_S15,Ribosomal_S17,Ribosomal_S19,Ribosomal_S2,Ribosomal_S20p,Ribosomal_S21,Ribosomal_S6,Ribosomal_S8,Ribosomal_S9,Ribul_P_3_epim,RNA_pol_L,RNA_pol_Rpb6,RRF,RsfS,RuvC,RuvX,SAICAR_synt,SecG,SmpB,T2SSJ,TatC,TIM,tRNA-synt_1d,tRNA_m1G_MT,Tyr_Deacylase,UPF0102,YajC,YbeY,YceD,YceG,ZapA	PF00490.28,PF01264.27,PF02464.24,PF01148.26,PF05173.20,PF01678.25,PF04127.23,PF00885.25,PF08899.17,PF00889.26,PF00113.29,PF02601.21,PF02609.22,PF02527.22,PF01288.26,PF01715.24,PF00677.24,PF01795.26,PF02445.22,PF00334.25,PF00215.31,PF00213.24,PF02569.22,PF02548.22,PF03309.21,PF01195.27,PF01379.26,PF02565.22,PF00572.25,PF00238.25,PF00252.25,PF01196.25,PF00861.28,PF01245.27,PF00453.24,PF00829.27,PF00237.25,PF00276.26,PF17136.11,PF01016.25,PF00830.25,PF00831.29,PF00297.29,PF01197.24,PF01783.30,PF01632.25,PF00573.28,PF00347.29,PF03948.20,PF00338.28,PF00411.25,PF00416.28,PF00312.28,PF00366.27,PF00203.27,PF00318.26,PF01649.24,PF01165.26,PF01250.23,PF00410.25,PF00380.26,PF00834.26,PF01193.30,PF01192.28,PF01765.25,PF02410.23,PF02075.24,PF03652.21,PF01259.25,PF03840.21,PF01668.24,PF11612.15,PF00902.24,PF00121.25,PF00750.26,PF01746.27,PF02580.23,PF02021.24,PF02699.22,PF02130.25,PF02620.23,PF02618.22,PF05164.19	98ee57b3cb7e5fd323389ecdc5f86dbe	Bacteria	Bacteria	r232	38.2	406	genus	2026-08-11
Nanobdellota.hmm	https://doi.org/10.1093/bioinformatics/btz188	nanobdellota	phylum	53	https://github.com/AstrobioMike/GToTree/releases/download/gtdb-scg-sets-r232/Nanobdellota.hmm	DUF357,DUF655,eIF-1a,EMC3_TMCO1,MJ0538,PIN_9,Ribosomal_L1,Ribosomal_L13,Ribosomal_L14,Ribosomal_L15e,Ribosomal_L16,Ribosomal_L21e,Ribosomal_L22,Ribosomal_L23,Ribosomal_L26,Ribosomal_L29,Ribosomal_L3,Ribosomal_L31e,Ribosomal_L32e,Ribosomal_L35Ae,Ribosomal_L37ae,Ribosomal_L4,Ribosomal_L5e,Ribosomal_L6,Ribosomal_S10,Ribosomal_S11,Ribosomal_S13,Ribosomal_S14,Ribosomal_S17,Ribosomal_S17e,Ribosomal_S19,Ribosomal_S19e,Ribosomal_S2,Ribosomal_S24e,Ribosomal_S28e,Ribosomal_S3Ae,Ribosomal_S7,Ribosomal_S8,Ribosomal_S8e,Ribosomal_S9,Ribosom_S12_S23,RNA_pol_N,RNA_pol_Rpb6,SecY,SMC_ScpA,SMC_ScpB,SPP,Spt4,TBP,Topoisom_bac,tRNA-synt_1c,tRNA-synt_1d,tRNA-synt_His	PF04010.19,PF04919.19,PF01176.27,PF01956.22,PF27325.1,PF18477.8,PF00687.27,PF00572.25,PF00238.25,PF00827.23,PF00252.25,PF01157.25,PF00237.25,PF00276.26,PF16906.12,PF00831.29,PF00297.29,PF01198.25,PF01655.24,PF01247.25,PF01780.26,PF00573.28,PF17144.10,PF00347.29,PF00338.28,PF00411.25,PF00416.28,PF00253.28,PF00366.27,PF00833.24,PF00203.27,PF01090.26,PF00318.26,PF01282.26,PF01200.25,PF01015.24,PF00177.28,PF00410.25,PF01201.28,PF00380.26,PF00164.32,PF01194.23,PF01192.28,PF00344.26,PF02616.20,PF04079.23,PF06550.16,PF06093.20,PF00352.28,PF01131.26,PF00749.28,PF00750.26,PF13393.12	1f22fa720999d4717842d3a3b4a0d404	Archaea	Archaea	r232	38.2	421	genus	2026-08-11
Nitrospinota.hmm	https://doi.org/10.1093/bioinformatics/btz188	nitrospinota	phylum	217	https://github.com/AstrobioMike/GToTree/releases/download/gtdb-scg-sets-r232/Nitrospinota.hmm	Acatn,ACCA,ACT_5,Adenylsucc_synt,ADK,AdoHcyase,AI-2E_transport,AICARFT_IMPCHas,ALAD,Amidase,Amidase_3,AMMECR1,Arginosuc_syn_C,ArgJ,Asp_decarbox,ATP-synt,ATP-synt_A,ATP-synt_B,ATP-synt_C,ATP-synt_DE_N,ATPase_gene1,BacA,Bax1-I,BFN_dom,CCB3_YggT,CcmB,CcmC,CcmE,CcmH,Chorismate_synt,CinA,CoaE,Colicin_V,CstA,CT398_CC,CTP_transf_1,Cu-oxidase_4,CutA1,Dabb,DapB_C,DAP_epimerase,DciA,DFP,DHBP_synthase,DHDPS,DivIC,DMRL_synthase,DS,DsbD_TM,DUF1844,DUF2064,DUF2065,DUF2232,DUF34_NIF3,DUF4340,DUF4390,DUF4911,DUF503,EF_TS,eIF-1a,Enolase_C,Exonuc_VII_L,Exonuc_VII_S,FA_synthesis,FBPase,Ferrochelatase,FxsA,F_bP_aldolase,G3P_acyltransf,GatB_N,GatC,GcpE,GCV_H,GidB,Gln-synt_C,GTP_cyclohydroI,Ham1p_like,HEM4,HisG,Histidinol_dh,HPPK,HrcA,H_PPase,IF-2B,IGPD,IGPS,ILVD_EDD_N,Iso_dh,LacAB_rpiB,Lip_A_acyltrans,LolA,LplA-B_cat,LptE,LpxB,LpxC,LpxK,Lum_binding,LYTB,Maf,Methyltransf_5,Methyltrans_RNA,Methyltrn_RNA_4,MnmE_helical,MoaC,MoaE,MraZ,MreD,NadA,NDK,Ni_insertion,OAD_beta,OMPdecase,Orn_DAP_Arg_deC,OSCP,Pantoate_ligase,Pantoate_transf,Pan_kinase,PCYCGC,PDT,PdxA,PdxJ,Peptidase_A8,Peptidase_M3,Peptidase_S13,Peptidase_U32,Pept_tRNA_hydro,PF1765-like,PGI,PGK,Porphobil_deam,Ppx-GppA,PRAI,Prenyltransf,Prok-JAB,Pterin_4a,PurS,Queuosine_synth,Rad51,RBFA,RecA_N,RecO_C,Ribonuclease_P,Ribonuc_L-PSP,Ribosomal_L1,Ribosomal_L13,Ribosomal_L14,Ribosomal_L16,Ribosomal_L17,Ribosomal_L18p,Ribosomal_L19,Ribosomal_L20,Ribosomal_L21p,Ribosomal_L22,Ribosomal_L23,ribosomal_L24,Ribosomal_L27,Ribosomal_L28,Ribosomal_L29,Ribosomal_L3,Ribosomal_L31,Ribosomal_L35p,Ribosomal_L4,Ribosomal_L6,Ribosomal_L9_C,Ribosomal_S10,Ribosomal_S11,Ribosomal_S13,Ribosomal_S15,Ribosomal_S17,Ribosomal_S19,Ribosomal_S2,Ribosomal_S20p,Ribosomal_S30AE,Ribosomal_S6,Ribosomal_S7,Ribosomal_S8,Ribosomal_S9,Ribosom_S12_S23,Ribul_P_3_epim,RNase_HII,RNA_pol_L,RNA_pol_Rpb6,RRF,RsfS,RuvC,SAICAR_synt,SecG,SecY,SMC_ScpA,SMC_ScpB,SmpB,SPL,SSB,TAL_FSA,TatD_DNase,TGT,Thy1,TIM,Topoisom_bac,Transcrip_reg,Trm112p,tRNA-synt_1d,tRNA-synt_His,tRNA_m1G_MT,Trp_syntA,UPF0102,VitK2_biosynth,Voltage_CLC,YajC,YajQ,YbaB_DNA_bd,YceD,YceG,YgbB,YicC-like_N,YqeY,ZapA	PF13000.14,PF03255.20,PF13710.13,PF00709.28,PF00406.30,PF05221.24,PF01594.23,PF01808.25,PF00490.28,PF01425.27,PF01520.24,PF01871.23,PF20979.3,PF01960.24,PF02261.23,PF00231.25,PF00119.26,PF00430.24,PF00137.27,PF02823.23,PF09527.16,PF02673.25,PF01027.27,PF02577.20,PF02325.24,PF03379.21,PF27518.2,PF03100.23,PF03918.20,PF01264.27,PF02464.24,PF01121.27,PF02674.23,PF02554.21,PF24481.3,PF01148.26,PF02578.22,PF03091.21,PF07876.19,PF05173.20,PF01678.25,PF05258.18,PF04127.23,PF00926.25,PF00701.29,PF04977.21,PF00885.25,PF01916.24,PF02683.23,PF08899.17,PF09837.16,PF09838.15,PF09991.15,PF01784.25,PF14238.12,PF14334.12,PF16256.11,PF04456.18,PF00889.26,PF01176.27,PF00113.29,PF02601.21,PF02609.22,PF02504.21,PF00316.26,PF00762.25,PF04186.19,PF01116.27,PF02660.22,PF02934.21,PF02686.21,PF04551.20,PF01597.26,PF02527.22,PF00120.30,PF01227.28,PF01725.22,PF02602.21,PF01634.24,PF00815.26,PF01288.26,PF01628.28,PF03030.22,PF01008.24,PF00475.25,PF00218.29,PF00920.28,PF00180.26,PF02502.24,PF03279.19,PF03548.23,PF21948.2,PF04390.18,PF02684.22,PF03331.20,PF02606.21,PF00677.24,PF02401.24,PF02545.20,PF01795.26,PF04452.20,PF09936.15,PF12631.13,PF01967.28,PF02391.23,PF02381.24,PF04093.18,PF02445.22,PF00334.25,PF01969.23,PF03977.19,PF00215.31,PF00278.29,PF00213.24,PF02569.22,PF02548.22,PF03309.21,PF13798.12,PF00800.24,PF04166.18,PF03740.21,PF01252.24,PF01432.27,PF02113.21,PF01136.26,PF01195.27,PF02594.22,PF00342.25,PF00162.25,PF01379.26,PF02541.23,PF00697.29,PF01255.25,PF14464.12,PF01329.25,PF02700.21,PF02547.21,PF08423.18,PF02033.24,PF00154.28,PF02565.22,PF00825.25,PF01042.27,PF00687.27,PF00572.25,PF00238.25,PF00252.25,PF01196.25,PF00861.28,PF01245.27,PF00453.24,PF00829.27,PF00237.25,PF00276.26,PF17136.11,PF01016.25,PF00830.25,PF00831.29,PF00297.29,PF01197.24,PF01632.25,PF00573.28,PF00347.29,PF03948.20,PF00338.28,PF00411.25,PF00416.28,PF00312.28,PF00366.27,PF00203.27,PF00318.26,PF01649.24,PF02482.26,PF01250.23,PF00177.28,PF00410.25,PF00380.26,PF00164.32,PF00834.26,PF01351.26,PF01193.30,PF01192.28,PF01765.25,PF02410.23,PF02075.24,PF01259.25,PF03840.21,PF00344.26,PF02616.20,PF04079.23,PF01668.24,PF20903.4,PF00436.32,PF00923.26,PF01026.28,PF01702.26,PF02511.21,PF00121.25,PF01131.26,PF01709.27,PF03966.23,PF00750.26,PF13393.12,PF01746.27,PF00290.27,PF02021.24,PF02621.20,PF00654.26,PF02699.22,PF04461.19,PF02575.23,PF02620.23,PF02618.22,PF02542.22,PF03755.19,PF09424.16,PF05164.19	b945eb99d0b162af1dbe15e1474cedc9	Bacteria	Bacteria	r232	38.2	57	species	2026-08-11
Nitrospirota.hmm	https://doi.org/10.1093/bioinformatics/btz188	nitrospirota	phylum	134	https://github.com/AstrobioMike/GToTree/releases/download/gtdb-scg-sets-r232/Nitrospirota.hmm	ACT_5,Adenylsucc_synt,AdoHcyase,ALAD,Amidase,Arginosuc_syn_C,ArgJ,Asp_decarbox,Carb_kinase,CCB3_YggT,Chorismate_synt,CoaE,Cpn60_TCP1,CTP_transf_1,Cu-oxidase_4,CutA1,Cytidylate_kin,DapB_C,DAP_epimerase,DciA,DFP,DHBP_synthase,DHDPS,DMRL_synthase,EF_TS,eIF-1a,FA_synthesis,G3P_acyltransf,GatB_N,GatC,GcpE,GrpE,GTP_cyclohydroI,Ham1p_like,HisG,Histidinol_dh,IF-2B,IGPD,IGPS,ILVD_EDD_N,IPPT,LigT_PEase,LptE,LpxB,LpxC,LpxK,Lum_binding,LYTB,Methyltransf_5,MnmE_helical,MoaC,MraZ,NadA,Pantoate_ligase,Pantoate_transf,Pan_kinase,PDT,PdxA,PdxJ,Peptidase_A8,Pept_tRNA_hydro,Porphobil_deam,PRAI,Prenyltransf,PS_Dcarbxylase,Queuosine_synth,RBFA,RecO_C,Ribosomal_L1,Ribosomal_L13,Ribosomal_L14,Ribosomal_L16,Ribosomal_L17,Ribosomal_L18p,Ribosomal_L19,Ribosomal_L20,Ribosomal_L21p,Ribosomal_L22,Ribosomal_L23,ribosomal_L24,Ribosomal_L27,Ribosomal_L28,Ribosomal_L29,Ribosomal_L3,Ribosomal_L31,Ribosomal_L32p,Ribosomal_L35p,Ribosomal_L4,Ribosomal_L6,Ribosomal_L9_C,Ribosomal_S10,Ribosomal_S11,Ribosomal_S13,Ribosomal_S15,Ribosomal_S17,Ribosomal_S19,Ribosomal_S2,Ribosomal_S20p,Ribosomal_S6,Ribosomal_S7,Ribosomal_S8,Ribosomal_S9,Ribosom_S12_S23,RNA_pol_L,RNA_pol_Rpb6,RRF,SAICAR_synt,SecE,SecG,SecY,SHMT,SMC_ScpA,SMC_ScpB,SmpB,TGT,TIM,Topoisom_bac,Transcrip_reg,tRNA-synt_1d,tRNA-synt_2c,tRNA-synt_2e,tRNA_m1G_MT,tRNA_synt_2f,Trp_syntA,UPF0102,YajC,YbaB_DNA_bd,YbeY,YceD,YceG,YgbB,YicC-like_N,YmdB,ZapA	PF13710.13,PF00709.28,PF05221.24,PF00490.28,PF01425.27,PF20979.3,PF01960.24,PF02261.23,PF01256.23,PF02325.24,PF01264.27,PF01121.27,PF00118.30,PF01148.26,PF02578.22,PF03091.21,PF02224.25,PF05173.20,PF01678.25,PF05258.18,PF04127.23,PF00926.25,PF00701.29,PF00885.25,PF00889.26,PF01176.27,PF02504.21,PF02660.22,PF02934.21,PF02686.21,PF04551.20,PF01025.25,PF01227.28,PF01725.22,PF01634.24,PF00815.26,PF01008.24,PF00475.25,PF00218.29,PF00920.28,PF01715.24,PF02834.23,PF04390.18,PF02684.22,PF03331.20,PF02606.21,PF00677.24,PF02401.24,PF01795.26,PF12631.13,PF01967.28,PF02381.24,PF02445.22,PF02569.22,PF02548.22,PF03309.21,PF00800.24,PF04166.18,PF03740.21,PF01252.24,PF01195.27,PF01379.26,PF00697.29,PF01255.25,PF02666.21,PF02547.21,PF02033.24,PF02565.22,PF00687.27,PF00572.25,PF00238.25,PF00252.25,PF01196.25,PF00861.28,PF01245.27,PF00453.24,PF00829.27,PF00237.25,PF00276.26,PF17136.11,PF01016.25,PF00830.25,PF00831.29,PF00297.29,PF01197.24,PF01783.30,PF01632.25,PF00573.28,PF00347.29,PF03948.20,PF00338.28,PF00411.25,PF00416.28,PF00312.28,PF00366.27,PF00203.27,PF00318.26,PF01649.24,PF01250.23,PF00177.28,PF00410.25,PF00380.26,PF00164.32,PF01193.30,PF01192.28,PF01765.25,PF01259.25,PF00584.26,PF03840.21,PF00344.26,PF00464.26,PF02616.20,PF04079.23,PF01668.24,PF01702.26,PF00121.25,PF01131.26,PF01709.27,PF00750.26,PF01411.25,PF02091.21,PF01746.27,PF02092.23,PF00290.27,PF02021.24,PF02699.22,PF02575.23,PF02130.25,PF02620.23,PF02618.22,PF02542.22,PF03755.19,PF13277.12,PF05164.19	eb4c1eee4d94e8fd13bc0de290a94dfc	Bacteria	Bacteria	r232	38.2	244	genus	2026-08-11
Omnitrophota.hmm	https://doi.org/10.1093/bioinformatics/btz188	omnitrophota	phylum	130	https://github.com/AstrobioMike/GToTree/releases/download/gtdb-scg-sets-r232/Omnitrophota.hmm	5-FTHF_cyc-lig,ACCA,Actin,ACT_5,Adenylsucc_synt,ADK,AdoHcyase,AICARFT_IMPCHas,Amidase,Arginosuc_syn_C,ArgJ,Asp_decarbox,Asp_Glu_race,ATP-gua_Ptrans,Chorismate_synt,CoaE,CTP_transf_1,DapB_C,DAP_epimerase,DFP,DHBP_synthase,DHDPS,DivIC,DMRL_synthase,DUF1015,DUF212,EF_TS,FA_synthesis,G3P_acyltransf,GatB_N,GatC,GcpE,Glycos_transf_3,GrpE,GTP_cyclohydroI,Ham1p_like,HisG,Histidinol_dh,HrcA,IGPD,IGPS,ILVD_EDD_N,IPPT,LacAB_rpiB,LptE,LpxB,LpxC,LpxK,Lum_binding,LYTB,Methyltransf_5,Mito_fiss_Elm1,MraZ,MTHFR,NadA,OmpH,Pantoate_ligase,Pan_kinase,PDT,PdxA,PdxJ,Peptidase_A8,Pept_tRNA_hydro,PgpA,Prenyltransf,Queuosine_synth,RBFA,RecO_C,RibD_C,Ribosomal_L1,Ribosomal_L13,Ribosomal_L14,Ribosomal_L16,Ribosomal_L17,Ribosomal_L18p,Ribosomal_L19,Ribosomal_L20,Ribosomal_L21p,Ribosomal_L22,Ribosomal_L23,ribosomal_L24,Ribosomal_L28,Ribosomal_L29,Ribosomal_L3,Ribosomal_L31,Ribosomal_L32p,Ribosomal_L35p,Ribosomal_L4,Ribosomal_L6,Ribosomal_L9_C,Ribosomal_S10,Ribosomal_S11,Ribosomal_S13,Ribosomal_S15,Ribosomal_S17,Ribosomal_S19,Ribosomal_S2,Ribosomal_S20p,Ribosomal_S6,Ribosomal_S7,Ribosomal_S8,Ribosomal_S9,Ribosom_S12_S23,RmuC,RNase_HII,RNA_pol_L,RRF,RsfS,RuvC,SecE,SecG,SecY,SHMT,SMC_ScpA,SMC_ScpB,SmpB,TGT,ThiC_Rad_SAM,Topoisom_bac,Transcrip_reg,tRNA-synt_1d,tRNA-synt_2c,tRNA-synt_His,tRNA_m1G_MT,Trp_syntA,UPF0102,YajC,YbeY,YgbB,YicC-like_N	PF01812.28,PF03255.20,PF00022.27,PF13710.13,PF00709.28,PF00406.30,PF05221.24,PF01808.25,PF01425.27,PF20979.3,PF01960.24,PF02261.23,PF01177.28,PF00217.25,PF01264.27,PF01121.27,PF01148.26,PF05173.20,PF01678.25,PF04127.23,PF00926.25,PF00701.29,PF04977.21,PF00885.25,PF06245.17,PF02681.21,PF00889.26,PF02504.21,PF02660.22,PF02934.21,PF02686.21,PF04551.20,PF00591.28,PF01025.25,PF01227.28,PF01725.22,PF01634.24,PF00815.26,PF01628.28,PF00475.25,PF00218.29,PF00920.28,PF01715.24,PF02502.24,PF04390.18,PF02684.22,PF03331.20,PF02606.21,PF00677.24,PF02401.24,PF01795.26,PF06258.18,PF02381.24,PF02219.24,PF02445.22,PF03938.20,PF02569.22,PF03309.21,PF00800.24,PF04166.18,PF03740.21,PF01252.24,PF01195.27,PF04608.19,PF01255.25,PF02547.21,PF02033.24,PF02565.22,PF01872.23,PF00687.27,PF00572.25,PF00238.25,PF00252.25,PF01196.25,PF00861.28,PF01245.27,PF00453.24,PF00829.27,PF00237.25,PF00276.26,PF17136.11,PF00830.25,PF00831.29,PF00297.29,PF01197.24,PF01783.30,PF01632.25,PF00573.28,PF00347.29,PF03948.20,PF00338.28,PF00411.25,PF00416.28,PF00312.28,PF00366.27,PF00203.27,PF00318.26,PF01649.24,PF01250.23,PF00177.28,PF00410.25,PF00380.26,PF00164.32,PF02646.23,PF01351.26,PF01193.30,PF01765.25,PF02410.23,PF02075.24,PF00584.26,PF03840.21,PF00344.26,PF00464.26,PF02616.20,PF04079.23,PF01668.24,PF01702.26,PF01964.25,PF01131.26,PF01709.27,PF00750.26,PF01411.25,PF13393.12,PF01746.27,PF00290.27,PF02021.24,PF02699.22,PF02130.25,PF02542.22,PF03755.19	f0550f3262eb727e53bd57c7f9f9adcd	Bacteria	Bacteria	r232	38.2	366	genus	2026-08-11
Patescibacteriota.hmm	https://doi.org/10.1093/bioinformatics/btz188	patescibacteriota	phylum	53	https://github.com/AstrobioMike/GToTree/releases/download/gtdb-scg-sets-r232/Patescibacteriota.hmm	Amidase,DnaJ_C,EF_TS,eIF-1a,GatB_N,GatC,GrpE,Methyltransf_5,NusG,Pept_tRNA_hydro,RecA_N,Ribonuclease_P,Ribosomal_L13,Ribosomal_L14,Ribosomal_L16,Ribosomal_L17,Ribosomal_L18p,Ribosomal_L19,Ribosomal_L20,Ribosomal_L21p,Ribosomal_L22,Ribosomal_L23,ribosomal_L24,Ribosomal_L27,Ribosomal_L3,Ribosomal_L31,Ribosomal_L4,Ribosomal_L6,Ribosomal_S10,Ribosomal_S11,Ribosomal_S13,Ribosomal_S15,Ribosomal_S17,Ribosomal_S19,Ribosomal_S2,Ribosomal_S20p,Ribosomal_S6,Ribosomal_S7,Ribosomal_S8,Ribosomal_S9,Ribosom_S12_S23,RNA_pol_L,RRF,RuvC,SecE,SecY,SmpB,TatD_DNase,TIM,Topoisom_bac,Transcrip_reg,tRNA-synt_1c,tRNA_m1G_MT	PF01425.27,PF01556.24,PF00889.26,PF01176.27,PF02934.21,PF02686.21,PF01025.25,PF01795.26,PF02357.25,PF01195.27,PF00154.28,PF00825.25,PF00572.25,PF00238.25,PF00252.25,PF01196.25,PF00861.28,PF01245.27,PF00453.24,PF00829.27,PF00237.25,PF00276.26,PF17136.11,PF01016.25,PF00297.29,PF01197.24,PF00573.28,PF00347.29,PF00338.28,PF00411.25,PF00416.28,PF00312.28,PF00366.27,PF00203.27,PF00318.26,PF01649.24,PF01250.23,PF00177.28,PF00410.25,PF00380.26,PF00164.32,PF01193.30,PF01765.25,PF02075.24,PF00584.26,PF00344.26,PF01668.24,PF01026.28,PF00121.25,PF01131.26,PF01709.27,PF00749.28,PF01746.27	0c25ec7e84c581a6627303b746933dc2	Bacteria	Bacteria	r232	38.2	3454	genus	2026-08-11
Planctomycetota.hmm	https://doi.org/10.1093/bioinformatics/btz188	planctomycetota	phylum	100	https://github.com/AstrobioMike/GToTree/releases/download/gtdb-scg-sets-r232/Planctomycetota.hmm	Adenylsucc_synt,AdoHcyase,AICARFT_IMPCHas,ATP-gua_Ptrans,BFN_dom,Carb_kinase,Chorismate_synt,CoaE,Cytidylate_kin,DFP,DHBP_synthase,DMRL_synthase,DUF6677,EF_TS,eIF-1a,Exonuc_VII_L,Exonuc_VII_S,GatC,GcpE,Ham1p_like,IPPT,LptE,LpxB,LpxC,LpxK,Lum_binding,MnmE_helical,NadA,Pantoate_ligase,Pan_kinase,PdxJ,Peptidase_A8,Pept_tRNA_hydro,Pep_deformylase,PGK,Prenyltransf,Queuosine_synth,RBFA,RecO_C,Ribonuclease_P,Ribosomal_L1,Ribosomal_L13,Ribosomal_L14,Ribosomal_L16,Ribosomal_L17,Ribosomal_L18p,Ribosomal_L19,Ribosomal_L20,Ribosomal_L21p,Ribosomal_L22,Ribosomal_L23,ribosomal_L24,Ribosomal_L27,Ribosomal_L28,Ribosomal_L29,Ribosomal_L3,Ribosomal_L31,Ribosomal_L33,Ribosomal_L35p,Ribosomal_L4,Ribosomal_L6,Ribosomal_L9_C,Ribosomal_S10,Ribosomal_S11,Ribosomal_S13,Ribosomal_S15,Ribosomal_S17,Ribosomal_S19,Ribosomal_S2,Ribosomal_S20p,Ribosomal_S6,Ribosomal_S7,Ribosomal_S8,Ribosomal_S9,Ribosom_S12_S23,RNA_pol_L,RRF,RsfS,RuvC,RuvX,SAICAR_synt,SecE,SecG,SecY,SMC_ScpA,SmpB,TatC,TGT,TIM,Topoisom_bac,tRNA-synt_1d,tRNA-synt_2c,tRNA-synt_His,tRNA_m1G_MT,TsaE,UPF0102,YajC,YbeY,YgbB,YicC-like_N	PF00709.28,PF05221.24,PF01808.25,PF00217.25,PF02577.20,PF01256.23,PF01264.27,PF01121.27,PF02224.25,PF04127.23,PF00926.25,PF00885.25,PF20382.4,PF00889.26,PF01176.27,PF02601.21,PF02609.22,PF02686.21,PF04551.20,PF01725.22,PF01715.24,PF04390.18,PF02684.22,PF03331.20,PF02606.21,PF00677.24,PF12631.13,PF02445.22,PF02569.22,PF03309.21,PF03740.21,PF01252.24,PF01195.27,PF01327.27,PF00162.25,PF01255.25,PF02547.21,PF02033.24,PF02565.22,PF00825.25,PF00687.27,PF00572.25,PF00238.25,PF00252.25,PF01196.25,PF00861.28,PF01245.27,PF00453.24,PF00829.27,PF00237.25,PF00276.26,PF17136.11,PF01016.25,PF00830.25,PF00831.29,PF00297.29,PF01197.24,PF00471.27,PF01632.25,PF00573.28,PF00347.29,PF03948.20,PF00338.28,PF00411.25,PF00416.28,PF00312.28,PF00366.27,PF00203.27,PF00318.26,PF01649.24,PF01250.23,PF00177.28,PF00410.25,PF00380.26,PF00164.32,PF01193.30,PF01765.25,PF02410.23,PF02075.24,PF03652.21,PF01259.25,PF00584.26,PF03840.21,PF00344.26,PF02616.20,PF01668.24,PF00902.24,PF01702.26,PF00121.25,PF01131.26,PF00750.26,PF01411.25,PF13393.12,PF01746.27,PF02367.24,PF02021.24,PF02699.22,PF02130.25,PF02542.22,PF03755.19	74ff88b57047114262e670206b37ac2c	Bacteria	Bacteria	r232	38.2	1186	genus	2026-08-11
Pseudomonadota.hmm	https://doi.org/10.1093/bioinformatics/btz188	pseudomonadota	phylum	97	https://github.com/AstrobioMike/GToTree/releases/download/gtdb-scg-sets-r232/Pseudomonadota.hmm	ALAD,Chorismate_synt,CoaE,Colicin_V,Cu-oxidase_4,DapB_C,DAP_epimerase,DivIC,DNA_pol3_chi,EF_TS,Exonuc_VII_L,Exonuc_VII_S,FA_synthesis,Ferrochelatase,GidB,GrpE,Ham1p_like,IPPT,LpxB,Methyltransf_5,MnmE_helical,NDK,OSCP,Peptidase_A8,Pept_tRNA_hydro,PGK,Porphobil_deam,Prenyltransf,RBFA,RecO_C,Ribosomal_L1,Ribosomal_L13,Ribosomal_L14,Ribosomal_L16,Ribosomal_L17,Ribosomal_L18p,Ribosomal_L19,Ribosomal_L20,Ribosomal_L21p,Ribosomal_L22,Ribosomal_L23,ribosomal_L24,Ribosomal_L27,Ribosomal_L28,Ribosomal_L29,Ribosomal_L3,Ribosomal_L31,Ribosomal_L32p,Ribosomal_L33,Ribosomal_L35p,Ribosomal_L4,Ribosomal_L6,Ribosomal_L9_C,Ribosomal_S10,Ribosomal_S11,Ribosomal_S13,Ribosomal_S14,Ribosomal_S15,Ribosomal_S17,Ribosomal_S19,Ribosomal_S2,Ribosomal_S20p,Ribosomal_S21,Ribosomal_S6,Ribosomal_S7,Ribosomal_S8,Ribosomal_S9,Ribosom_S12_S23,RNase_HII,RNA_pol_L,RNA_pol_Rpb6,RRF,RsfS,RuvC,RuvX,Sdh5,SecB,SecE,SecG,SecY,SmpB,SPOUT_MTase,SspB,TatC,TGT,TIM,Transcrip_reg,tRNA-synt_1d,tRNA-synt_2e,tRNA_m1G_MT,tRNA_synt_2f,UPF0102,YajC,YbaB_DNA_bd,YbeY,YceG,ZapA	PF00490.28,PF01264.27,PF01121.27,PF02674.23,PF02578.22,PF05173.20,PF01678.25,PF04977.21,PF04364.19,PF00889.26,PF02601.21,PF02609.22,PF02504.21,PF00762.25,PF02527.22,PF01025.25,PF01725.22,PF01715.24,PF02684.22,PF01795.26,PF12631.13,PF00334.25,PF00213.24,PF01252.24,PF01195.27,PF00162.25,PF01379.26,PF01255.25,PF02033.24,PF02565.22,PF00687.27,PF00572.25,PF00238.25,PF00252.25,PF01196.25,PF00861.28,PF01245.27,PF00453.24,PF00829.27,PF00237.25,PF00276.26,PF17136.11,PF01016.25,PF00830.25,PF00831.29,PF00297.29,PF01197.24,PF01783.30,PF00471.27,PF01632.25,PF00573.28,PF00347.29,PF03948.20,PF00338.28,PF00411.25,PF00416.28,PF00253.28,PF00312.28,PF00366.27,PF00203.27,PF00318.26,PF01649.24,PF01165.26,PF01250.23,PF00177.28,PF00410.25,PF00380.26,PF00164.32,PF01351.26,PF01193.30,PF01192.28,PF01765.25,PF02410.23,PF02075.24,PF03652.21,PF03937.22,PF02556.20,PF00584.26,PF03840.21,PF00344.26,PF01668.24,PF02590.23,PF04386.19,PF00902.24,PF01702.26,PF00121.25,PF01709.27,PF00750.26,PF02091.21,PF01746.27,PF02092.23,PF02021.24,PF02699.22,PF02575.23,PF02130.25,PF02618.22,PF05164.19	ed80e1ac2e3e99535328a2f742231076	Bacteria	Bacteria	r232	38.2	4932	genus	2026-08-11
Spirochaetota.hmm	https://doi.org/10.1093/bioinformatics/btz188	spirochaetota	phylum	74	https://github.com/AstrobioMike/GToTree/releases/download/gtdb-scg-sets-r232/Spirochaetota.hmm	CarD_C,CoaE,Cpn10,Cpn60_TCP1,CTP_transf_1,EF_TS,eIF-1a,Exonuc_VII_L,Exonuc_VII_S,GrpE,Ham1p_like,Maf,Methyltransf_5,MnmE_helical,Pep_deformylase,PGI,Prenyltransf,Queuosine_synth,RBFA,Ribosomal_L1,Ribosomal_L13,Ribosomal_L14,Ribosomal_L16,Ribosomal_L17,Ribosomal_L18p,Ribosomal_L19,Ribosomal_L20,Ribosomal_L21p,Ribosomal_L22,Ribosomal_L23,ribosomal_L24,Ribosomal_L27,Ribosomal_L28,Ribosomal_L29,Ribosomal_L3,Ribosomal_L31,Ribosomal_L33,Ribosomal_L35p,Ribosomal_L4,Ribosomal_L6,Ribosomal_L9_C,Ribosomal_S10,Ribosomal_S11,Ribosomal_S13,Ribosomal_S15,Ribosomal_S17,Ribosomal_S19,Ribosomal_S2,Ribosomal_S20p,Ribosomal_S21,Ribosomal_S30AE,Ribosomal_S6,Ribosomal_S7,Ribosomal_S8,Ribosomal_S9,Ribosom_S12_S23,RNase_HII,RNA_pol_L,RRF,RsfS,RuvC,SecE,SecG,SecY,SMC_ScpA,SMC_ScpB,SmpB,TGT,Transcrip_reg,tRNA-synt_1d,tRNA_m1G_MT,YajC,YbaB_DNA_bd,YbeY	PF21095.4,PF01121.27,PF00166.27,PF00118.30,PF01148.26,PF00889.26,PF01176.27,PF02601.21,PF02609.22,PF01025.25,PF01725.22,PF02545.20,PF01795.26,PF12631.13,PF01327.27,PF00342.25,PF01255.25,PF02547.21,PF02033.24,PF00687.27,PF00572.25,PF00238.25,PF00252.25,PF01196.25,PF00861.28,PF01245.27,PF00453.24,PF00829.27,PF00237.25,PF00276.26,PF17136.11,PF01016.25,PF00830.25,PF00831.29,PF00297.29,PF01197.24,PF00471.27,PF01632.25,PF00573.28,PF00347.29,PF03948.20,PF00338.28,PF00411.25,PF00416.28,PF00312.28,PF00366.27,PF00203.27,PF00318.26,PF01649.24,PF01165.26,PF02482.26,PF01250.23,PF00177.28,PF00410.25,PF00380.26,PF00164.32,PF01351.26,PF01193.30,PF01765.25,PF02410.23,PF02075.24,PF00584.26,PF03840.21,PF00344.26,PF02616.20,PF04079.23,PF01668.24,PF01702.26,PF01709.27,PF00750.26,PF01746.27,PF02699.22,PF02575.23,PF02130.25	39be34e2c06e7a367e9f8cbb376bb938	Bacteria	Bacteria	r232	38.2	338	genus	2026-08-11
Synergistota.hmm	https://doi.org/10.1093/bioinformatics/btz188	synergistota	phylum	126	https://github.com/AstrobioMike/GToTree/releases/download/gtdb-scg-sets-r232/Synergistota.hmm	ADK,AdoHcyase,Arginosuc_syn_C,BacA,CinA,CoaE,CofD,Colicin_V,Cpn10,Cpn60_TCP1,CTP_transf_1,Cytidylate_kin,DFP,DMRL_synthase,DUF2232,DUF2344,DUF5693,EF_TS,eIF-1a,Exonuc_VII_L,G3P_acyltransf,GatB_N,GatC,GcpE,GidB,Glyco_tran_WecG,Ham1p_like,HrcA,IPPT,LptF_LptG,LpxC,LpxK,Lum_binding,LYTB,LytR_cpsA_psr,Maf,Methyltransf_5,MinE,MnmE_helical,NFACT_N,NusG,OMPdecase,Pan_kinase,Pept_tRNA_hydro,Pep_deformylase,PGI,PGK,PhoH,PK,Prenyltransf,QueH,Queuosine_synth,RBFA,RecA_N,RibD_C,Ribonuc_red_lgC,Ribosomal_L1,Ribosomal_L13,Ribosomal_L14,Ribosomal_L16,Ribosomal_L17,Ribosomal_L18p,Ribosomal_L19,Ribosomal_L20,Ribosomal_L21p,Ribosomal_L22,Ribosomal_L23,ribosomal_L24,Ribosomal_L27,Ribosomal_L29,Ribosomal_L3,Ribosomal_L31,Ribosomal_L32p,Ribosomal_L35p,Ribosomal_L4,Ribosomal_L6,Ribosomal_L9_C,Ribosomal_S10,Ribosomal_S11,Ribosomal_S13,Ribosomal_S14,Ribosomal_S15,Ribosomal_S17,Ribosomal_S19,Ribosomal_S2,Ribosomal_S20p,Ribosomal_S21,Ribosomal_S30AE,Ribosomal_S6,Ribosomal_S7,Ribosomal_S8,Ribosomal_S9,Ribosom_S12_S23,Ribul_P_3_epim,RNase_HII,RNA_pol_L,RRF,RsfS,RuvC,RuvX,SecE,SecG,SecY,SMC_ScpA,SMC_ScpB,SmpB,TatD_DNase,TGT,Thy1,Thymidylate_kin,Transcrip_reg,tRNA-synt_1d,tRNA-synt_2e,tRNA_m1G_MT,tRNA_synt_2f,Tyr_Deacylase,UPF0102,UPF0122,YbaB_DNA_bd,YbeY,YceD,YceG,YgbB,YicC-like_N,YmdB,Zn_peptidase_2	PF00406.30,PF05221.24,PF20979.3,PF02673.25,PF02464.24,PF01121.27,PF01933.24,PF02674.23,PF00166.27,PF00118.30,PF01148.26,PF02224.25,PF04127.23,PF00885.25,PF09991.15,PF10105.15,PF18949.6,PF00889.26,PF01176.27,PF02601.21,PF02660.22,PF02934.21,PF02686.21,PF04551.20,PF02527.22,PF03808.21,PF01725.22,PF01628.28,PF01715.24,PF03739.20,PF03331.20,PF02606.21,PF00677.24,PF02401.24,PF03816.21,PF02545.20,PF01795.26,PF03776.21,PF12631.13,PF05833.17,PF02357.25,PF00215.31,PF03309.21,PF01195.27,PF01327.27,PF00342.25,PF00162.25,PF02562.23,PF00224.28,PF01255.25,PF02677.21,PF02547.21,PF02033.24,PF00154.28,PF01872.23,PF02867.21,PF00687.27,PF00572.25,PF00238.25,PF00252.25,PF01196.25,PF00861.28,PF01245.27,PF00453.24,PF00829.27,PF00237.25,PF00276.26,PF17136.11,PF01016.25,PF00831.29,PF00297.29,PF01197.24,PF01783.30,PF01632.25,PF00573.28,PF00347.29,PF03948.20,PF00338.28,PF00411.25,PF00416.28,PF00253.28,PF00312.28,PF00366.27,PF00203.27,PF00318.26,PF01649.24,PF01165.26,PF02482.26,PF01250.23,PF00177.28,PF00410.25,PF00380.26,PF00164.32,PF00834.26,PF01351.26,PF01193.30,PF01765.25,PF02410.23,PF02075.24,PF03652.21,PF00584.26,PF03840.21,PF00344.26,PF02616.20,PF04079.23,PF01668.24,PF01026.28,PF01702.26,PF02511.21,PF02223.24,PF01709.27,PF00750.26,PF02091.21,PF01746.27,PF02092.23,PF02580.23,PF02021.24,PF04297.21,PF02575.23,PF02130.25,PF02620.23,PF02618.22,PF02542.22,PF03755.19,PF13277.12,PF04298.19	6146505475597669bbeba187d6e04ea4	Bacteria	Bacteria	r232	38.2	62	genus	2026-08-11
Thermoplasmatota.hmm	https://doi.org/10.1093/bioinformatics/btz188	thermoplasmatota	phylum	93	https://github.com/AstrobioMike/GToTree/releases/download/gtdb-scg-sets-r232/Thermoplasmatota.hmm	Adenylsucc_synt,AdoHcyase,AICARFT_IMPCHas,Archease,ATP-synt_C,ATP-synt_D,ATP-synt_F,CarS-like,CTP-dep_RFKase,Cytidylate_kin2,DFP,DHBP_synthase,Diphthamide_syn,DUF2240,DUF357,DUF359,DUF373,DUF5611,DUF655,eIF-1a,eIF-6,EMC3_TMCO1,Enolase_C,Ham1p_like,HMG-CoA_red,NDK,NFACT_N,PGK,PIN_9,Prenyltransf,PTH2,PyrI,Ribosomal_L1,Ribosomal_L13,Ribosomal_L14,Ribosomal_L15e,Ribosomal_L16,Ribosomal_L18,Ribosomal_L21e,Ribosomal_L22,Ribosomal_L23,Ribosomal_L26,Ribosomal_L29,Ribosomal_L3,Ribosomal_L31e,Ribosomal_L32e,Ribosomal_L37ae,Ribosomal_L4,Ribosomal_L44,Ribosomal_L5e,Ribosomal_L6,Ribosomal_S10,Ribosomal_S11,Ribosomal_S13,Ribosomal_S15,Ribosomal_S17,Ribosomal_S17e,Ribosomal_S19,Ribosomal_S19e,Ribosomal_S2,Ribosomal_S24e,Ribosomal_S27e,Ribosomal_S28e,Ribosomal_S3Ae,Ribosomal_S7,Ribosomal_S8,Ribosomal_S8e,Ribosomal_S9,Ribosom_S12_S23,Ribul_P_3_epim,Rib_5-P_isom_A,RNase_HII,RNA_pol_L,RNA_pol_N,RNA_pol_Rpb6,RtcB,SAICAR_synt,SecY,SMC_ScpB,SOR_SNZ,SPP,Spt4,TatD_DNase,TIM,Topoisom_bac,Trm56,tRNA-synt_1d,tRNA-synt_His,tRNA_deacylase,TruD,UPF0147,vATP-synt_AC39,V_ATPase_I	PF00709.28,PF05221.24,PF01808.25,PF01951.22,PF00137.27,PF01813.23,PF01990.23,PF01864.22,PF01982.23,PF13189.13,PF04127.23,PF00926.25,PF01866.23,PF09999.15,PF04010.19,PF04019.18,PF04123.19,PF18446.8,PF04919.19,PF01176.27,PF01912.25,PF01956.22,PF00113.29,PF01725.22,PF00368.24,PF00334.25,PF05833.17,PF00162.25,PF18477.8,PF01255.25,PF01981.22,PF01948.24,PF00687.27,PF00572.25,PF00238.25,PF00827.23,PF00252.25,PF17135.10,PF01157.25,PF00237.25,PF00276.26,PF16906.12,PF00831.29,PF00297.29,PF01198.25,PF01655.24,PF01780.26,PF00573.28,PF00935.26,PF17144.10,PF00347.29,PF00338.28,PF00411.25,PF00416.28,PF00312.28,PF00366.27,PF00833.24,PF00203.27,PF01090.26,PF00318.26,PF01282.26,PF01667.24,PF01200.25,PF01015.24,PF00177.28,PF00410.25,PF01201.28,PF00380.26,PF00164.32,PF00834.26,PF06026.21,PF01351.26,PF01193.30,PF01194.23,PF01192.28,PF01139.23,PF01259.25,PF00344.26,PF04079.23,PF01680.24,PF06550.16,PF06093.20,PF01026.28,PF00121.25,PF01131.26,PF01994.22,PF00750.26,PF13393.12,PF04414.19,PF01142.24,PF03685.20,PF01992.22,PF01496.25	42f8debe48deb1a76e3d4d98f4787953	Archaea	Archaea	r232	38.2	180	genus	2026-08-11
Thermoproteota.hmm	https://doi.org/10.1093/bioinformatics/btz188	thermoproteota	phylum	74	https://github.com/AstrobioMike/GToTree/releases/download/gtdb-scg-sets-r232/Thermoproteota.hmm	AKAP7_NLS,Archease,Diphthamide_syn,DUF357,DUF359,DUF371,DUF424,DUF655,eIF-6,Enolase_C,Fibrillarin,Ham1p_like,HMG-CoA_red,LigT_PEase,Memo,Methyltrn_RNA_3,PGK,PIN_9,Prenyltransf,PTH2,Ribosomal_L1,Ribosomal_L13,Ribosomal_L14,Ribosomal_L15e,Ribosomal_L16,Ribosomal_L21e,Ribosomal_L22,Ribosomal_L23,Ribosomal_L26,Ribosomal_L29,Ribosomal_L3,Ribosomal_L31e,Ribosomal_L32e,Ribosomal_L37ae,Ribosomal_L39,Ribosomal_L4,Ribosomal_L44,Ribosomal_L5e,Ribosomal_L6,Ribosomal_S10,Ribosomal_S11,Ribosomal_S13,Ribosomal_S15,Ribosomal_S17,Ribosomal_S17e,Ribosomal_S19,Ribosomal_S19e,Ribosomal_S2,Ribosomal_S24e,Ribosomal_S25,Ribosomal_S26e,Ribosomal_S27e,Ribosomal_S28e,Ribosomal_S3Ae,Ribosomal_S7,Ribosomal_S8,Ribosomal_S8e,Ribosomal_S9,Ribosom_S12_S23,Rib_5-P_isom_A,RNase_HII,RNA_pol_N,RNA_pol_Rpb4,RTC,RtcB,SecY,Spt4,TIM,Trm56,tRNA-synt_1c,tRNA-synt_1d,tRNA-synt_His,tRNA_deacylase,UPF0147	PF10469.16,PF01951.22,PF01866.23,PF04010.19,PF04019.18,PF04027.19,PF04242.19,PF04919.19,PF01912.25,PF00113.29,PF01269.24,PF01725.22,PF00368.24,PF02834.23,PF01875.24,PF02598.23,PF00162.25,PF18477.8,PF01255.25,PF01981.22,PF00687.27,PF00572.25,PF00238.25,PF00827.23,PF00252.25,PF01157.25,PF00237.25,PF00276.26,PF16906.12,PF00831.29,PF00297.29,PF01198.25,PF01655.24,PF01780.26,PF00832.26,PF00573.28,PF00935.26,PF17144.10,PF00347.29,PF00338.28,PF00411.25,PF00416.28,PF00312.28,PF00366.27,PF00833.24,PF00203.27,PF01090.26,PF00318.26,PF01282.26,PF03297.22,PF01283.25,PF01667.24,PF01200.25,PF01015.24,PF00177.28,PF00410.25,PF01201.28,PF00380.26,PF00164.32,PF06026.21,PF01351.26,PF01194.23,PF03874.22,PF01137.27,PF01139.23,PF00344.26,PF06093.20,PF00121.25,PF01994.22,PF00749.28,PF00750.26,PF13393.12,PF04414.19,PF03685.20	6064624a97e8385c70168e12869a678a	Archaea	Archaea	r232	38.2	338	genus	2026-08-11
Thermotogota.hmm	https://doi.org/10.1093/bioinformatics/btz188	thermotogota	phylum	161	https://github.com/AstrobioMike/GToTree/releases/download/gtdb-scg-sets-r232/Thermotogota.hmm	2-ph_phosp,ACCA,ADK,AdoMet_dc,AMMECR1,ATP-synt,ATP-synt_A,ATP-synt_B,ATP-synt_DE_N,BacA,BFN_dom,Carboxyl_trans,Carb_kinase,CCB3_YggT,CinA,CoaE,CofD,Cpn10,Cpn60_TCP1,CTP_transf_1,Cytidylate_kin,DAGK_prokar,DciA,Desulfoferrodox,DnaJ_C,DUF1015,DUF2344,DUF4147,DUF4416,DUF4897,DUF4911,DUF501,DUF554,EF_TS,eIF-1a,Endonuclease_5,Exonuc_VII_L,FabA,FA_synthesis,FlK,FTHFS,GatB_N,GatC,GcpE,GCV_H,GidB,GrpE,HIGH_NTase1,Hpre_diP_synt_I,HrcA,HSP20,Indigoidine_A,IPPT,LGT,LYTB,Maf,Memo,Methyltransf_5,Methyltrans_RNA,Methyltrn_RNA_4,MnmE_helical,NFACT_N,NusG,NusG_II,OSCP,Pan_kinase,Peptidase_S26,Pept_tRNA_hydro,Pep_deformylase,PGI,PGK,Prenyltransf,Proteasome,QueH,Queuosine_synth,RadC,RapZ-like_N,RBFA,Ribonuclease_P,Ribosomal_L1,Ribosomal_L13,Ribosomal_L14,Ribosomal_L16,Ribosomal_L17,Ribosomal_L18p,Ribosomal_L19,Ribosomal_L20,Ribosomal_L21p,Ribosomal_L22,Ribosomal_L23,ribosomal_L24,Ribosomal_L27,Ribosomal_L28,Ribosomal_L29,Ribosomal_L3,Ribosomal_L31,Ribosomal_L32p,Ribosomal_L35p,Ribosomal_L4,Ribosomal_L6,Ribosomal_L9_C,Ribosomal_S10,Ribosomal_S11,Ribosomal_S13,Ribosomal_S14,Ribosomal_S15,Ribosomal_S17,Ribosomal_S19,Ribosomal_S2,Ribosomal_S20p,Ribosomal_S30AE,Ribosomal_S6,Ribosomal_S7,Ribosomal_S8,Ribosomal_S9,Ribosom_S12_S23,Ribul_P_3_epim,RNA_pol_L,RNA_pol_Rpb6,RRF,RseC_MucC,RsfS,RuvC,SAM_MT,SecE,SecG,SecY,SHMT,SMC_ScpA,SMC_ScpB,SmpB,SPOUT_MTase,Sua5_yciO_yrdC,SurE,T2SSF,TatD_DNase,TGT,Thy1,TIM,TK,Transcrip_reg,TrkH,tRNA-synt_1d,tRNA-synt_2c,tRNA-synt_2e,tRNA_m1G_MT,tRNA_synt_2f,Trypsin,TsaE,Tyr_Deacylase,UDG,UPRTase,VCA0040-like,YajC,YbaB_DNA_bd,YbeY,YceD,YgbB,YicC-like_N,YqeY,Zn_peptidase_2	PF04029.20,PF03255.20,PF00406.30,PF02675.23,PF01871.23,PF00231.25,PF00119.26,PF00430.24,PF02823.23,PF02673.25,PF02577.20,PF01039.28,PF01256.23,PF02325.24,PF02464.24,PF01121.27,PF01933.24,PF00166.27,PF00118.30,PF01148.26,PF02224.25,PF01219.25,PF05258.18,PF01880.25,PF01556.24,PF06245.17,PF10105.15,PF13660.12,PF14385.12,PF16238.12,PF16256.11,PF04417.18,PF04474.18,PF00889.26,PF01176.27,PF04493.21,PF02601.21,PF07977.20,PF02504.21,PF22636.3,PF01268.26,PF02934.21,PF02686.21,PF04551.20,PF01597.26,PF02527.22,PF01025.25,PF05636.18,PF07456.17,PF01628.28,PF00011.28,PF04227.18,PF01715.24,PF01790.24,PF02401.24,PF02545.20,PF01875.24,PF01795.26,PF04452.20,PF09936.15,PF12631.13,PF05833.17,PF02357.25,PF07009.17,PF00213.24,PF03309.21,PF10502.15,PF01195.27,PF01327.27,PF00342.25,PF00162.25,PF01255.25,PF00227.32,PF02677.21,PF02547.21,PF04002.21,PF03668.22,PF02033.24,PF00825.25,PF00687.27,PF00572.25,PF00238.25,PF00252.25,PF01196.25,PF00861.28,PF01245.27,PF00453.24,PF00829.27,PF00237.25,PF00276.26,PF17136.11,PF01016.25,PF00830.25,PF00831.29,PF00297.29,PF01197.24,PF01783.30,PF01632.25,PF00573.28,PF00347.29,PF03948.20,PF00338.28,PF00411.25,PF00416.28,PF00253.28,PF00312.28,PF00366.27,PF00203.27,PF00318.26,PF01649.24,PF02482.26,PF01250.23,PF00177.28,PF00410.25,PF00380.26,PF00164.32,PF00834.26,PF01193.30,PF01192.28,PF01765.25,PF04246.19,PF02410.23,PF02075.24,PF04445.20,PF00584.26,PF03840.21,PF00344.26,PF00464.26,PF02616.20,PF04079.23,PF01668.24,PF02590.23,PF01300.25,PF01975.24,PF00482.29,PF01026.28,PF01702.26,PF02511.21,PF00121.25,PF00265.25,PF01709.27,PF02386.23,PF00750.26,PF01411.25,PF02091.21,PF01746.27,PF02092.23,PF00089.33,PF02367.24,PF02580.23,PF03167.26,PF14681.13,PF04018.19,PF02699.22,PF02575.23,PF02130.25,PF02620.23,PF02542.22,PF03755.19,PF09424.16,PF04298.19	0e31c39671abb14136dce8fb6a24af80	Bacteria	Bacteria	r232	38.2	117	species	2026-08-11
Universal-Hug-et-al.hmm	www.nature.com/articles/nmicrobiol201648	bacteria,archaea,eukarya	universal	16	https://github.com/AstrobioMike/GToTree/releases/download/original-SCG-HMMs/Universal-Hug-et-al.hmm	Ribosomal_L2_C,Ribosomal_L3,Ribosomal_L4,Ribosomal_L5,Ribosomal_L6,Ribosomal_L14,Ribosomal_L27A,Ribosomal_L16,Ribosomal_L18p,Ribosomal_L22,ribosomal_L24,Ribosomal_S10,Ribosomal_S17,Ribosomal_S19,Ribosomal_S3_C,Ribosomal_S8	PF03947.23,PF00297.27,PF00573.27,PF00281.24,PF00347.28,PF00238.24,PF00828.24,PF00252.23,PF00861.27,PF00237.24,PF17136.9,PF00338.27,PF00366.25,PF00203.26,PF00189.25,PF00410.24	deeede8ba5bea1b4048f3f95b408a70f	NA	NA	NA	NA	NA	NA	NA
Verrucomicrobiota.hmm	https://doi.org/10.1093/bioinformatics/btz188	verrucomicrobiota	phylum	95	https://github.com/AstrobioMike/GToTree/releases/download/gtdb-scg-sets-r232/Verrucomicrobiota.hmm	Adenylsucc_synt,AdoHcyase,Arginosuc_syn_C,ArgJ,ATP-gua_Ptrans,BacA,Chorismate_synt,CoaE,DapB_C,DAP_epimerase,DciA,DFP,DHBP_synthase,DMRL_synthase,EF_TS,Exonuc_VII_L,Exonuc_VII_S,FA_synthesis,GatB_N,GatC,Ham1p_like,IGPD,LpxB,LpxC,LpxK,Lum_binding,Maf,MnmE_helical,Pan_kinase,Peptidase_A8,Pept_tRNA_hydro,Pep_deformylase,PGI,PGK,Prenyltransf,Queuosine_synth,Rad51,RBFA,Ribosomal_L1,Ribosomal_L13,Ribosomal_L14,Ribosomal_L16,Ribosomal_L17,Ribosomal_L18p,Ribosomal_L19,Ribosomal_L20,Ribosomal_L21p,Ribosomal_L22,Ribosomal_L23,ribosomal_L24,Ribosomal_L27,Ribosomal_L28,Ribosomal_L29,Ribosomal_L3,Ribosomal_L31,Ribosomal_L33,Ribosomal_L35p,Ribosomal_L4,Ribosomal_L6,Ribosomal_L9_C,Ribosomal_S10,Ribosomal_S11,Ribosomal_S13,Ribosomal_S14,Ribosomal_S15,Ribosomal_S17,Ribosomal_S19,Ribosomal_S2,Ribosomal_S20p,Ribosomal_S6,Ribosomal_S7,Ribosomal_S8,Ribosomal_S9,Ribosom_S12_S23,RNA_pol_L,RRF,RsfS,RuvC,SAICAR_synt,SecE,SecG,SecY,SHMT,SmpB,TatC,TIM,tRNA-synt_1d,tRNA-synt_2c,tRNA-synt_His,tRNA_m1G_MT,UPF0102,YajC,YbeY,YicC-like_N,YmdB	PF00709.28,PF05221.24,PF20979.3,PF01960.24,PF00217.25,PF02673.25,PF01264.27,PF01121.27,PF05173.20,PF01678.25,PF05258.18,PF04127.23,PF00926.25,PF00885.25,PF00889.26,PF02601.21,PF02609.22,PF02504.21,PF02934.21,PF02686.21,PF01725.22,PF00475.25,PF02684.22,PF03331.20,PF02606.21,PF00677.24,PF02545.20,PF12631.13,PF03309.21,PF01252.24,PF01195.27,PF01327.27,PF00342.25,PF00162.25,PF01255.25,PF02547.21,PF08423.18,PF02033.24,PF00687.27,PF00572.25,PF00238.25,PF00252.25,PF01196.25,PF00861.28,PF01245.27,PF00453.24,PF00829.27,PF00237.25,PF00276.26,PF17136.11,PF01016.25,PF00830.25,PF00831.29,PF00297.29,PF01197.24,PF00471.27,PF01632.25,PF00573.28,PF00347.29,PF03948.20,PF00338.28,PF00411.25,PF00416.28,PF00253.28,PF00312.28,PF00366.27,PF00203.27,PF00318.26,PF01649.24,PF01250.23,PF00177.28,PF00410.25,PF00380.26,PF00164.32,PF01193.30,PF01765.25,PF02410.23,PF02075.24,PF01259.25,PF00584.26,PF03840.21,PF00344.26,PF00464.26,PF01668.24,PF00902.24,PF00121.25,PF00750.26,PF01411.25,PF13393.12,PF01746.27,PF02021.24,PF02699.22,PF02130.25,PF03755.19,PF13277.12	3409a0090f406a4cff4b32a56a095518	Bacteria	Bacteria	r232	38.2	694	genus	2026-08-11
Zixibacteria.hmm	https://doi.org/10.1093/bioinformatics/btz188	zixibacteria	phylum	149	https://github.com/AstrobioMike/GToTree/releases/download/gtdb-scg-sets-r232/Zixibacteria.hmm	Actin,Adenylsucc_synt,ADK,AdoHcyase,AICARFT_IMPCHas,Asparaginase_II,Asp_decarbox,ATG22,ATP-gua_Ptrans,ATP-synt,ATP-synt_A,BacA,BFN_dom,Carb_kinase,CcmC,CcmE,CinA,CoaE,Colicin_V,Cpn60_TCP1,CT398_CC,Cytidylate_kin,DAP_epimerase,DciA,DFP,DHBP_synthase,DMRL_synthase,dNK,DUF1385,DUF1844,DUF3467,EF_TS,eIF-1a,Enolase_C,Exonuc_VII_L,Exonuc_VII_S,FabA,FA_synthesis,FlgN,FliW,FolB,G3P_acyltransf,GidB,GrpE,Ham1p_like,HPPK,Hpr_kinase_C,HrcA,IPPT,LptE,LpxB,LpxC,LpxK,Lum_binding,Maf,Methyltransf_5,MnmE_helical,MraZ,NFACT_N,NusG,OMPdecase,OSCP,Pantoate_ligase,Pantoate_transf,Pan_kinase,Peptidase_A8,Peptidase_M17,Pept_tRNA_hydro,PGK,PgpA,PhoH,Prenyltransf,PS_Dcarbxylase,PurS,Pur_DNA_glyco,Queuosine_synth,Rad51,RBFA,RecO_C,Ribosomal_L1,Ribosomal_L13,Ribosomal_L14,Ribosomal_L16,Ribosomal_L17,Ribosomal_L18p,Ribosomal_L20,Ribosomal_L21p,Ribosomal_L22,Ribosomal_L23,ribosomal_L24,Ribosomal_L27,Ribosomal_L28,Ribosomal_L29,Ribosomal_L3,Ribosomal_L31,Ribosomal_L35p,Ribosomal_L4,Ribosomal_L6,Ribosomal_L9_C,Ribosomal_S10,Ribosomal_S11,Ribosomal_S13,Ribosomal_S15,Ribosomal_S17,Ribosomal_S19,Ribosomal_S2,Ribosomal_S20p,Ribosomal_S6,Ribosomal_S7,Ribosomal_S8,Ribosomal_S9,Ribosom_S12_S23,RNA_pol_L,RRF,RsfS,RuvX,SAICAR_synt,SecE,SecG,SecY,SHMT,SMC_ScpA,SMC_ScpB,SmpB,SpoVG,SurE,TatC,TatD_DNase,TGT,Thy1,TIM,Topoisom_bac,Transcrip_reg,tRNA-synt_1d,tRNA-synt_His,tRNA_m1G_MT,TsaE,Tyr_Deacylase,UPF0102,YajC,YbaB_DNA_bd,YbeY,YceD,YceG,YgbB,YicC-like_N,YmdB,YqeY,ZapA	PF00022.27,PF00709.28,PF00406.30,PF05221.24,PF01808.25,PF06089.18,PF02261.23,PF11700.15,PF00217.25,PF00231.25,PF00119.26,PF02673.25,PF02577.20,PF01256.23,PF27518.2,PF03100.23,PF02464.24,PF01121.27,PF02674.23,PF00118.30,PF24481.3,PF02224.25,PF01678.25,PF05258.18,PF04127.23,PF00926.25,PF00885.25,PF01712.26,PF07136.17,PF08899.17,PF11950.14,PF00889.26,PF01176.27,PF00113.29,PF02601.21,PF02609.22,PF07977.20,PF02504.21,PF05130.18,PF02623.22,PF02152.24,PF02660.22,PF02527.22,PF01025.25,PF01725.22,PF01288.26,PF07475.18,PF01628.28,PF01715.24,PF04390.18,PF02684.22,PF03331.20,PF02606.21,PF00677.24,PF02545.20,PF01795.26,PF12631.13,PF02381.24,PF05833.17,PF02357.25,PF00215.31,PF00213.24,PF02569.22,PF02548.22,PF03309.21,PF01252.24,PF00883.27,PF01195.27,PF00162.25,PF04608.19,PF02562.23,PF01255.25,PF02666.21,PF02700.21,PF02245.22,PF02547.21,PF08423.18,PF02033.24,PF02565.22,PF00687.27,PF00572.25,PF00238.25,PF00252.25,PF01196.25,PF00861.28,PF00453.24,PF00829.27,PF00237.25,PF00276.26,PF17136.11,PF01016.25,PF00830.25,PF00831.29,PF00297.29,PF01197.24,PF01632.25,PF00573.28,PF00347.29,PF03948.20,PF00338.28,PF00411.25,PF00416.28,PF00312.28,PF00366.27,PF00203.27,PF00318.26,PF01649.24,PF01250.23,PF00177.28,PF00410.25,PF00380.26,PF00164.32,PF01193.30,PF01765.25,PF02410.23,PF03652.21,PF01259.25,PF00584.26,PF03840.21,PF00344.26,PF00464.26,PF02616.20,PF04079.23,PF01668.24,PF04026.18,PF01975.24,PF00902.24,PF01026.28,PF01702.26,PF02511.21,PF00121.25,PF01131.26,PF01709.27,PF00750.26,PF13393.12,PF01746.27,PF02367.24,PF02580.23,PF02021.24,PF02699.22,PF02575.23,PF02130.25,PF02620.23,PF02618.22,PF02542.22,PF03755.19,PF13277.12,PF09424.16,PF05164.19	e2c08fa90b35b5432b41267164102c77	Bacteria	Bacteria	r232	38.2	107	genus	2026-08-11
